WEBSITES,CATEGORY,SUB-CATEGORY,PRODUCT NAME,SPECIFICATIONS,COLOR,PRICE,DISCOUNT,BRAND,TYPE
AMAZON,ELECTRONICS,PHONE,IPHONE-6,32GB,GOLD,30780,7,IPHONE,GADGET
AMAZON,ELECTRONICS,PHONE,IPHONE-6,32GB,SILVER,30780,7,IPHONE,GADGET
AMAZON,ELECTRONICS,PHONE,IPHONE-6,64GB,GOLD,60000,5,IPHONE,GADGET
AMAZON,ELECTRONICS,PHONE,IPHONE-6,64GB,SILVER,60000,5,IPHONE,GADGET
AMAZON,ELECTRONICS,PHONE,IPHONE-6,64GB,GRAY,60000,5,IPHONE,GADGET
AMAZON,ELECTRONICS,PHONE,IPHONE-6,128GB,GRAY,71500,10,IPHONE,GADGET
AMAZON,ELECTRONICS,PHONE,IPHONE-7,128GB,BLACK,34900,28,IPHONE,GADGET
AMAZON,ELECTRONICS,PHONE,IPHONE-7,128GB,JET BLACK,34900,28,IPHONE,GADGET
AMAZON,ELECTRONICS,PHONE,IPHONE-7,128GB,RED,34900,28,IPHONE,GADGET
AMAZON,ELECTRONICS,PHONE,IPHONE-7,128GB,ROSE GOLD,34900,28,IPHONE,GADGET
AMAZON,ELECTRONICS,PHONE,IPHONE-7,128GB,GOLD,34900,28,IPHONE,GADGET
AMAZON,ELECTRONICS,PHONE,IPHONE-7,256GB,BLACK,85400,30,IPHONE,GADGET
AMAZON,ELECTRONICS,PHONE,IPHONE-7,256GB,GRAY,85400,30,IPHONE,GADGET
AMAZON,ELECTRONICS,PHONE,IPHONE-7,256GB,RED,85400,30,IPHONE,GADGET
AMAZON,ELECTRONICS,PHONE,IPHONE-7,32GB,GRAY,30000,10,IPHONE,GADGET
AMAZON,ELECTRONICS,PHONE,IPHONE-7,32GB,BLACK,30000,10,IPHONE,GADGET
AMAZON,ELECTRONICS,PHONE,IPHONE-8,64GB,GOLD,39900,20,IPHONE,GADGET
AMAZON,ELECTRONICS,PHONE,IPHONE-8,64GB,SILVER,39900,20,IPHONE,GADGET
AMAZON,ELECTRONICS,PHONE,IPHONE-8,64GB,BLACK,39900,20,IPHONE,GADGET
AMAZON,ELECTRONICS,PHONE,IPHONE-8,64GB,WHITE,39900,20,IPHONE,GADGET
AMAZON,ELECTRONICS,PHONE,IPHONE-8,256GB,BLACK,77000,35,IPHONE,GADGET
AMAZON,ELECTRONICS,PHONE,IPHONE-8,256GB,WHITE,77000,35,IPHONE,GADGET
AMAZON,ELECTRONICS,PHONE,IPHONE-8,256GB,GRAY,77000,35,IPHONE,GADGET
AMAZON,ELECTRONICS,PHONE,IPHONE-X,64GB,BLACK,91900,40,IPHONE,GADGET
AMAZON,ELECTRONICS,PHONE,IPHONE-X,64GB,GRAY,91900,40,IPHONE,GADGET
AMAZON,ELECTRONICS,PHONE,IPHONE-X,64GB,ROSE GOLD,91900,40,IPHONE,GADGET
AMAZON,ELECTRONICS,PHONE,IPHONE-X,256GB,BLACK,106500,20,IPHONE,GADGET
AMAZON,ELECTRONICS,PHONE,IPHONE-X,256GB,GRAY,106500,20,IPHONE,GADGET
AMAZON,ELECTRONICS,PHONE,IPHONE-X,512GB,WHITE,103900,20,IPHONE,GADGET
AMAZON,ELECTRONICS,PHONE,IPHONE-X,512GB,BLACK,103900,20,IPHONE,GADGET
AMAZON,ELECTRONICS,PHONE,IPHONE-X,512GB,GRAY,103900,20,IPHONE,GADGET
AMAZON,ELECTRONICS,PHONE,IPHONE-12,128GB,WHITE,49900,10,IPHONE,GADGET
AMAZON,ELECTRONICS,PHONE,IPHONE-12,128GB,BLACK,49900,10,IPHONE,GADGET
AMAZON,ELECTRONICS,PHONE,IPHONE-12,128GB,GOLD,49900,10,IPHONE,GADGET
AMAZON,ELECTRONICS,PHONE,IPHONE-12,128GB,RED,49900,10,IPHONE,GADGET
AMAZON,ELECTRONICS,PHONE,IPHONE-12,256GB,WHITE,64900,8,IPHONE,GADGET
AMAZON,ELECTRONICS,PHONE,IPHONE-12,256GB,BLACK,64900,8,IPHONE,GADGET
AMAZON,ELECTRONICS,PHONE,IPHONE-12,256GB,GOLD,64900,8,IPHONE,GADGET
AMAZON,ELECTRONICS,PHONE,IPHONE-12,256GB,RED,64900,8,IPHONE,GADGET
AMAZON,ELECTRONICS,PHONE,IPHONE-15,128GB,WHITE,64400,10,IPHONE,GADGET
AMAZON,ELECTRONICS,PHONE,IPHONE-15,128GB,BLACK,64400,10,IPHONE,GADGET
AMAZON,ELECTRONICS,PHONE,IPHONE-15,128GB,GOLD,64400,10,IPHONE,GADGET
AMAZON,ELECTRONICS,PHONE,IPHONE-15,128GB,RED,64400,10,IPHONE,GADGET
AMAZON,ELECTRONICS,PHONE,IPHONE-15,256GB,WHITE,74400,8,IPHONE,GADGET
AMAZON,ELECTRONICS,PHONE,IPHONE-15,256GB,BLACK,74400,8,IPHONE,GADGET
AMAZON,ELECTRONICS,PHONE,IPHONE-15,256GB,GOLD,74400,8,IPHONE,GADGET
AMAZON,ELECTRONICS,PHONE,IPHONE-15,256GB,RED,74400,8,IPHONE,GADGET
AMAZON,ELECTRONICS,PHONE,SAMSUNG GALEXY F06,4GB/128GB,GOLD,9199,35,SAMSUNG,GADGET
AMAZON,ELECTRONICS,PHONE,SAMSUNG GALEXY F16,4GB/128GB,GOLD,14999,30,SAMSUNG,GADGET
AMAZON,ELECTRONICS,PHONE,SAMSUNG GALEXY M35,4GB/128GB,GOLD,15999,25,SAMSUNG,GADGET
AMAZON,ELECTRONICS,PHONE,SAMSUNG GALEXY M36,4GB/128GB,GOLD,15999,25,SAMSUNG,GADGET
AMAZON,ELECTRONICS,PHONE,SAMSUNG GALEXY M37,4GB/128GB,GOLD,15999,25,SAMSUNG,GADGET
AMAZON,ELECTRONICS,PHONE,SAMSUNG GALEXY M38,4GB/128GB,GOLD,15999,25,SAMSUNG,GADGET
AMAZON,ELECTRONICS,PHONE,SAMSUNG GALEXY M39,4GB/128GB,GOLD,15999,25,SAMSUNG,GADGET
AMAZON,ELECTRONICS,PHONE,SAMSUNG GALEXY A33,4GB/128GB,GOLD,18250,30,SAMSUNG,GADGET
AMAZON,ELECTRONICS,PHONE,SAMSUNG GALEXY F20,4GB/128GB,GOLD,27500,25,SAMSUNG,GADGET
AMAZON,ELECTRONICS,PHONE,SAMSUNG GALEXY P45,4GB/128GB,GOLD,45000,30,SAMSUNG,GADGET
AMAZON,ELECTRONICS,PHONE,READMI A3X,64 GB,BLACK,6499,40,READMI,GADGET
AMAZON,ELECTRONICS,PHONE,READMI 14C,64GB,BLACK,14999,25,READMI,GADGET
AMAZON,ELECTRONICS,PHONE,READMI 1OS,64GB,BLACK,7899,35,READMI,GADGET
FLIPKART,ELECTRONICS,PHONE,IPHONE-6,32GB,GOLD,31780,6,IPHONE,GADGET
FLIPKART,ELECTRONICS,PHONE,IPHONE-6,32GB,SILVER,31780,6,IPHONE,GADGET
FLIPKART,ELECTRONICS,PHONE,IPHONE-6,64GB,GOLD,62000,5,IPHONE,GADGET
FLIPKART,ELECTRONICS,PHONE,IPHONE-6,64GB,SILVER,62000,5,IPHONE,GADGET
FLIPKART,ELECTRONICS,PHONE,IPHONE-6,64GB,GRAY,62000,5,IPHONE,GADGET
FLIPKART,ELECTRONICS,PHONE,IPHONE-6,128GB,GRAY,75000,12,IPHONE,GADGET
FLIPKART,ELECTRONICS,PHONE,IPHONE-7,128GB,BLACK,34900,28,IPHONE,GADGET
FLIPKART,ELECTRONICS,PHONE,IPHONE-7,128GB,JET BLACK,34900,28,IPHONE,GADGET
FLIPKART,ELECTRONICS,PHONE,IPHONE-7,128GB,RED,34900,28,IPHONE,GADGET
FLIPKART,ELECTRONICS,PHONE,IPHONE-7,128GB,ROSE GOLD,34900,28,IPHONE,GADGET
FLIPKART,ELECTRONICS,PHONE,IPHONE-7,128GB,GOLD,34900,28,IPHONE,GADGET
FLIPKART,ELECTRONICS,PHONE,IPHONE-7,256GB,BLACK,90000,35,IPHONE,GADGET
FLIPKART,ELECTRONICS,PHONE,IPHONE-7,256GB,GRAY,90000,35,IPHONE,GADGET
FLIPKART,ELECTRONICS,PHONE,IPHONE-7,256GB,RED,90000,35,IPHONE,GADGET
FLIPKART,ELECTRONICS,PHONE,IPHONE-7,32GB,GRAY,32000,10,IPHONE,GADGET
FLIPKART,ELECTRONICS,PHONE,IPHONE-7,32GB,BLACK,32000,10,IPHONE,GADGET
FLIPKART,ELECTRONICS,PHONE,IPHONE-8,64GB,GOLD,40000,20,IPHONE,GADGET
FLIPKART,ELECTRONICS,PHONE,IPHONE-8,64GB,SILVER,40000,20,IPHONE,GADGET
FLIPKART,ELECTRONICS,PHONE,IPHONE-8,64GB,BLACK,40000,20,IPHONE,GADGET
FLIPKART,ELECTRONICS,PHONE,IPHONE-8,64GB,WHITE,40000,20,IPHONE,GADGET
FLIPKART,ELECTRONICS,PHONE,IPHONE-8,256GB,BLACK,80000,30,IPHONE,GADGET
FLIPKART,ELECTRONICS,PHONE,IPHONE-8,256GB,WHITE,80000,30,IPHONE,GADGET
FLIPKART,ELECTRONICS,PHONE,IPHONE-8,256GB,GRAY,80000,30,IPHONE,GADGET
FLIPKART,ELECTRONICS,PHONE,IPHONE-X,64GB,BLACK,91900,40,IPHONE,GADGET
FLIPKART,ELECTRONICS,PHONE,IPHONE-X,64GB,GRAY,91900,40,IPHONE,GADGET
FLIPKART,ELECTRONICS,PHONE,IPHONE-X,64GB,ROSE GOLD,91900,40,IPHONE,GADGET
FLIPKART,ELECTRONICS,PHONE,IPHONE-X,256GB,BLACK,110000,15,IPHONE,GADGET
FLIPKART,ELECTRONICS,PHONE,IPHONE-X,256GB,GRAY,110000,15,IPHONE,GADGET
FLIPKART,ELECTRONICS,PHONE,IPHONE-X,512GB,WHITE,103900,20,IPHONE,GADGET
FLIPKART,ELECTRONICS,PHONE,IPHONE-X,512GB,BLACK,103900,20,IPHONE,GADGET
FLIPKART,ELECTRONICS,PHONE,IPHONE-X,512GB,GRAY,103900,20,IPHONE,GADGET
FLIPKART,ELECTRONICS,PHONE,IPHONE-12,128GB,WHITE,52000,8,IPHONE,GADGET
FLIPKART,ELECTRONICS,PHONE,IPHONE-12,128GB,BLACK,52000,8,IPHONE,GADGET
FLIPKART,ELECTRONICS,PHONE,IPHONE-12,128GB,GOLD,52000,8,IPHONE,GADGET
FLIPKART,ELECTRONICS,PHONE,IPHONE-12,128GB,RED,52000,8,IPHONE,GADGET
FLIPKART,ELECTRONICS,PHONE,IPHONE-12,256GB,WHITE,64900,8,IPHONE,GADGET
FLIPKART,ELECTRONICS,PHONE,IPHONE-12,256GB,BLACK,64900,8,IPHONE,GADGET
FLIPKART,ELECTRONICS,PHONE,IPHONE-12,256GB,GOLD,64900,8,IPHONE,GADGET
FLIPKART,ELECTRONICS,PHONE,IPHONE-12,256GB,RED,64900,8,IPHONE,GADGET
FLIPKART,ELECTRONICS,PHONE,IPHONE-15,128GB,WHITE,64400,10,IPHONE,GADGET
FLIPKART,ELECTRONICS,PHONE,IPHONE-15,128GB,BLACK,64400,10,IPHONE,GADGET
FLIPKART,ELECTRONICS,PHONE,IPHONE-15,128GB,GOLD,64400,10,IPHONE,GADGET
FLIPKART,ELECTRONICS,PHONE,IPHONE-15,128GB,RED,64400,10,IPHONE,GADGET
FLIPKART,ELECTRONICS,PHONE,IPHONE-15,256GB,WHITE,74400,8,IPHONE,GADGET
FLIPKART,ELECTRONICS,PHONE,IPHONE-15,256GB,BLACK,74400,8,IPHONE,GADGET
FLIPKART,ELECTRONICS,PHONE,IPHONE-15,256GB,GOLD,74400,8,IPHONE,GADGET
FLIPKART,ELECTRONICS,PHONE,IPHONE-15,256GB,RED,74400,8,IPHONE,GADGET
FLIPKART,ELECTRONICS,PHONE,SAMSUNG GALEXY F06,4GB/128GB,GOLD,8999,40,SAMSUNG,GADGET
FLIPKART,ELECTRONICS,PHONE,SAMSUNG GALEXY F16,4GB/128GB,GOLD,14999,30,SAMSUNG,GADGET
FLIPKART,ELECTRONICS,PHONE,SAMSUNG GALEXY M35,4GB/128GB,GOLD,15999,25,SAMSUNG,GADGET
FLIPKART,ELECTRONICS,PHONE,SAMSUNG GALEXY M36,4GB/128GB,GOLD,15999,25,SAMSUNG,GADGET
FLIPKART,ELECTRONICS,PHONE,SAMSUNG GALEXY M37,4GB/128GB,GOLD,15999,25,SAMSUNG,GADGET
FLIPKART,ELECTRONICS,PHONE,SAMSUNG GALEXY M38,4GB/128GB,GOLD,16850,20,SAMSUNG,GADGET
FLIPKART,ELECTRONICS,PHONE,SAMSUNG GALEXY M39,4GB/128GB,GOLD,15999,25,SAMSUNG,GADGET
FLIPKART,ELECTRONICS,PHONE,SAMSUNG GALEXY A33,4GB/128GB,GOLD,18250,30,SAMSUNG,GADGET
FLIPKART,ELECTRONICS,PHONE,SAMSUNG GALEXY F20,4GB/128GB,GOLD,27500,25,SAMSUNG,GADGET
FLIPKART,ELECTRONICS,PHONE,SAMSUNG GALEXY P45,4GB/128GB,GOLD,45000,30,SAMSUNG,GADGET
FLIPKART,ELECTRONICS,PHONE,READMI A3X,64 GB,BLACK,6499,40,READMI,GADGET
FLIPKART,ELECTRONICS,PHONE,READMI 14C,64GB,BLACK,14999,25,READMI,GADGET
FLIPKART,ELECTRONICS,PHONE,READMI 1OS,64GB,BLACK,7899,35,READMI,GADGET
EBAY,ELECTRONICS,PHONE,IPHONE-6,32GB,GOLD,32000,10,IPHONE,GADGET
EBAY,ELECTRONICS,PHONE,IPHONE-6,32GB,SILVER,32000,10,IPHONE,GADGET
EBAY,ELECTRONICS,PHONE,IPHONE-6,64GB,GOLD,62000,8,IPHONE,GADGET
EBAY,ELECTRONICS,PHONE,IPHONE-6,64GB,SILVER,62000,8,IPHONE,GADGET
EBAY,ELECTRONICS,PHONE,IPHONE-6,64GB,GRAY,62000,8,IPHONE,GADGET
EBAY,ELECTRONICS,PHONE,IPHONE-6,128GB,GRAY,71500,10,IPHONE,GADGET
EBAY,ELECTRONICS,PHONE,IPHONE-7,128GB,BLACK,35550,30,IPHONE,GADGET
EBAY,ELECTRONICS,PHONE,IPHONE-7,128GB,JET BLACK,35550,30,IPHONE,GADGET
EBAY,ELECTRONICS,PHONE,IPHONE-7,128GB,RED,35550,30,IPHONE,GADGET
EBAY,ELECTRONICS,PHONE,IPHONE-7,128GB,ROSE GOLD,35550,30,IPHONE,GADGET
EBAY,ELECTRONICS,PHONE,IPHONE-7,128GB,GOLD,35550,30,IPHONE,GADGET
EBAY,ELECTRONICS,PHONE,IPHONE-7,256GB,BLACK,85400,30,IPHONE,GADGET
EBAY,ELECTRONICS,PHONE,IPHONE-7,256GB,GRAY,85400,30,IPHONE,GADGET
EBAY,ELECTRONICS,PHONE,IPHONE-7,256GB,RED,85400,30,IPHONE,GADGET
EBAY,ELECTRONICS,PHONE,IPHONE-7,32GB,GRAY,32500,10,IPHONE,GADGET
EBAY,ELECTRONICS,PHONE,IPHONE-7,32GB,BLACK,32500,10,IPHONE,GADGET
EBAY,ELECTRONICS,PHONE,IPHONE-8,64GB,GOLD,40500,21,IPHONE,GADGET
EBAY,ELECTRONICS,PHONE,IPHONE-8,64GB,SILVER,40500,21,IPHONE,GADGET
EBAY,ELECTRONICS,PHONE,IPHONE-8,64GB,BLACK,40500,21,IPHONE,GADGET
EBAY,ELECTRONICS,PHONE,IPHONE-8,64GB,WHITE,40500,21,IPHONE,GADGET
EBAY,ELECTRONICS,PHONE,IPHONE-8,256GB,BLACK,77500,36,IPHONE,GADGET
EBAY,ELECTRONICS,PHONE,IPHONE-8,256GB,WHITE,77500,36,IPHONE,GADGET
EBAY,ELECTRONICS,PHONE,IPHONE-8,256GB,GRAY,77500,36,IPHONE,GADGET
EBAY,ELECTRONICS,PHONE,IPHONE-X,64GB,BLACK,91900,40,IPHONE,GADGET
EBAY,ELECTRONICS,PHONE,IPHONE-X,64GB,GRAY,91900,40,IPHONE,GADGET
EBAY,ELECTRONICS,PHONE,IPHONE-X,64GB,ROSE GOLD,91900,40,IPHONE,GADGET
EBAY,ELECTRONICS,PHONE,IPHONE-X,256GB,BLACK,106500,20,IPHONE,GADGET
EBAY,ELECTRONICS,PHONE,IPHONE-X,256GB,GRAY,106500,20,IPHONE,GADGET
EBAY,ELECTRONICS,PHONE,IPHONE-X,512GB,WHITE,103900,20,IPHONE,GADGET
EBAY,ELECTRONICS,PHONE,IPHONE-X,512GB,BLACK,103900,20,IPHONE,GADGET
EBAY,ELECTRONICS,PHONE,IPHONE-X,512GB,GRAY,103900,20,IPHONE,GADGET
EBAY,ELECTRONICS,PHONE,IPHONE-12,128GB,WHITE,51250,7,IPHONE,GADGET
EBAY,ELECTRONICS,PHONE,IPHONE-12,128GB,BLACK,51250,7,IPHONE,GADGET
EBAY,ELECTRONICS,PHONE,IPHONE-12,128GB,GOLD,51250,7,IPHONE,GADGET
EBAY,ELECTRONICS,PHONE,IPHONE-12,128GB,RED,51250,7,IPHONE,GADGET
EBAY,ELECTRONICS,PHONE,IPHONE-12,256GB,WHITE,66000,8,IPHONE,GADGET
EBAY,ELECTRONICS,PHONE,IPHONE-12,256GB,BLACK,66000,8,IPHONE,GADGET
EBAY,ELECTRONICS,PHONE,IPHONE-12,256GB,GOLD,66000,8,IPHONE,GADGET
EBAY,ELECTRONICS,PHONE,IPHONE-12,256GB,RED,66000,8,IPHONE,GADGET
EBAY,ELECTRONICS,PHONE,IPHONE-15,128GB,WHITE,64400,10,IPHONE,GADGET
EBAY,ELECTRONICS,PHONE,IPHONE-15,128GB,BLACK,64400,10,IPHONE,GADGET
EBAY,ELECTRONICS,PHONE,IPHONE-15,128GB,GOLD,64400,10,IPHONE,GADGET
EBAY,ELECTRONICS,PHONE,IPHONE-15,128GB,RED,64400,10,IPHONE,GADGET
EBAY,ELECTRONICS,PHONE,IPHONE-15,256GB,WHITE,74400,8,IPHONE,GADGET
EBAY,ELECTRONICS,PHONE,IPHONE-15,256GB,BLACK,74400,8,IPHONE,GADGET
EBAY,ELECTRONICS,PHONE,IPHONE-15,256GB,GOLD,74400,8,IPHONE,GADGET
EBAY,ELECTRONICS,PHONE,IPHONE-15,256GB,RED,74400,8,IPHONE,GADGET
EBAY,ELECTRONICS,PHONE,SAMSUNG GALEXY F06,4GB/128GB,GOLD,10000,30,SAMSUNG,GADGET
EBAY,ELECTRONICS,PHONE,SAMSUNG GALEXY F16,4GB/128GB,GOLD,16500,30,SAMSUNG,GADGET
EBAY,ELECTRONICS,PHONE,SAMSUNG GALEXY M35,4GB/128GB,GOLD,17800,23,SAMSUNG,GADGET
EBAY,ELECTRONICS,PHONE,SAMSUNG GALEXY M36,4GB/128GB,GOLD,14800,28,SAMSUNG,GADGET
EBAY,ELECTRONICS,PHONE,SAMSUNG GALEXY M37,4GB/128GB,GOLD,17500,25,SAMSUNG,GADGET
EBAY,ELECTRONICS,PHONE,SAMSUNG GALEXY M38,4GB/128GB,GOLD,16500,23,SAMSUNG,GADGET
EBAY,ELECTRONICS,PHONE,SAMSUNG GALEXY M39,4GB/128GB,GOLD,15999,25,SAMSUNG,GADGET
EBAY,ELECTRONICS,PHONE,SAMSUNG GALEXY A33,4GB/128GB,GOLD,19530,28,SAMSUNG,GADGET
EBAY,ELECTRONICS,PHONE,SAMSUNG GALEXY F20,4GB/128GB,GOLD,28600,24,SAMSUNG,GADGET
EBAY,ELECTRONICS,PHONE,SAMSUNG GALEXY P45,4GB/128GB,GOLD,48000,30,SAMSUNG,GADGET
EBAY,ELECTRONICS,PHONE,READMI A3X,64 GB,BLACK,6800,40,READMI,GADGET
EBAY,ELECTRONICS,PHONE,READMI 14C,64GB,BLACK,15000,22,READMI,GADGET
EBAY,ELECTRONICS,PHONE,READMI 1OS,64GB,BLACK,8250,37,READMI,GADGET
FLIPKART,ELECRTONICS,LAPTOP,APPLE MACKBOOK AIR M2,N/A,BLACK,72990,12,APPLE,GADGETS
FLIPKART,ELECRTONICS,LAPTOP,APPLE MACKBOOK AIR M3,N/A,GOLD,72990,12,APPLE,GADGETS
FLIPKART,ELECRTONICS,LAPTOP,APPLE MACKBOOK AIR M4,N/A,SILVER,72990,12,APPLE,GADGETS
FLIPKART,ELECRTONICS,LAPTOP,APPLE MACKBOOK AIR M1,N/A,BLACK,66990,20,APPLE,GADGETS
FLIPKART,ELECRTONICS,LAPTOP,APPLE MACKBOOK AIR M2,N/A,GOLD,66990,20,APPLE,GADGETS
FLIPKART,ELECRTONICS,LAPTOP,APPLE MACKBOOK AIR M3,N/A,SILVER,66990,20,APPLE,GADGETS
FLIPKART,ELECRTONICS,LAPTOP,APPLE MACKBOOK AIR M3,N/A,BLACK,75500,18,APPLE,GADGETS
FLIPKART,ELECRTONICS,LAPTOP,APPLE MACKBOOK AIR M4,N/A,GOLD,75500,18,APPLE,GADGETS
FLIPKART,ELECRTONICS,LAPTOP,APPLE MACKBOOK AIR M5,N/A,SILVER,75500,18,APPLE,GADGETS
FLIPKART,ELECRTONICS,LAPTOP,APPLE MACKBOOK AIR M4,N/A,BLACK,92990,8,APPLE,GADGETS
FLIPKART,ELECRTONICS,LAPTOP,APPLE MACKBOOK AIR M5,N/A,GOLD,92990,8,APPLE,GADGETS
FLIPKART,ELECRTONICS,LAPTOP,APPLE MACKBOOK AIR M6,N/A,SILVER,92990,8,APPLE,GADGETS
FLIPKART,ELECRTONICS,LAPTOP,APPLE MACKBOOK PRO,N/A,BLACK,99500,10,APPLE,GADGETS
FLIPKART,ELECRTONICS,LAPTOP,APPLE MACKBOOK PRO,N/A,GOLD,99500,10,APPLE,GADGETS
FLIPKART,ELECRTONICS,LAPTOP,APPLE MACKBOOK PRO,N/A,SILVER,99500,10,APPLE,GADGETS
FLIPKART,ELECRTONICS,LAPTOP,APPLE MACKBOOK PRO M3,N/A,BLACK,105000,7,APPLE,GADGETS
FLIPKART,ELECRTONICS,LAPTOP,APPLE MACKBOOK PRO M4,N/A,GOLD,105000,7,APPLE,GADGETS
FLIPKART,ELECRTONICS,LAPTOP,APPLE MACKBOOK PRO M5,N/A,SILVER,105000,7,APPLE,GADGETS
FLIPKART,ELECRTONICS,LAPTOP,APPLE MACKBOOK PRO M3 MAX,N/A,BLACK,262500,20,APPLE,GADGETS
FLIPKART,ELECRTONICS,LAPTOP,APPLE MACKBOOK PRO M3 MAX,N/A,GOLD,262500,20,APPLE,GADGETS
FLIPKART,ELECRTONICS,LAPTOP,APPLE MACKBOOK PRO M3 MAX,N/A,SILVER,262500,20,APPLE,GADGETS
FLIPKART,ELECRTONICS,LAPTOP,APPLE MACKBOOK PRO M4,N/A,BLACK,186500,5,APPLE,GADGETS
FLIPKART,ELECRTONICS,LAPTOP,APPLE MACKBOOK PRO M5,N/A,GOLD,186500,5,APPLE,GADGETS
FLIPKART,ELECRTONICS,LAPTOP,APPLE MACKBOOK PRO M6,N/A,SILVER,186500,5,APPLE,GADGETS
FLIPKART,ELECTRONICS,TV,HP VIVTUS,N/A,BLACK,64990,16,HP,GADGETS
FLIPKART,ELECTRONICS,TV,HP VIVTUS,N/A,WHITE,64990,16,HP,GADGETS
FLIPKART,ELECTRONICS,TV,HP THINPAD,N/A,BLACK,38390,27,HP,GADGETS
FLIPKART,ELECTRONICS,TV,HP THINPAD,N/A,WHITE,38390,27,HP,GADGETS
FLIPKART,ELECTRONICS,TV,HP 15R,N/A,BLACK,32990,56,HP,GADGETS
FLIPKART,ELECTRONICS,TV,HP 15R,N/A,WHITE,32990,56,HP,GADGETS
FLIPKART,ELECTRONICS,TV,HP 15S,N/A,BLACK,30750,32,HP,GADGETS
FLIPKART,ELECTRONICS,TV,HP 15S,N/A,WHITE,30750,32,HP,GADGETS
FLIPKART,ELECTRONICS,TV,HP 15S,N/A,GRAY,30750,32,HP,GADGETS
FLIPKART,ELECTRONICS,TV,HP VICTUS,N/A,BLACK,107990,13,HP,GADGETS
FLIPKART,ELECTRONICS,TV,HP 225,N/A,GRAY,26900,15,HP,GADGETS
FLIPKART,ELECTRONICS,TV,HP 15T,N/A,BLACK,30999,32,HP,GADGETS
FLIPKART,ELECTRONICS,TV,HP 15T,N/A,WHITE,30999,32,HP,GADGETS
FLIPKART,ELECTRONICS,TV,HP OMEN,N/A,BLACK,97500,20,HP,GADGETS
FLIPKART,ELECTRONICS,TV,HP OMEN S,N/A,BLACK,125000,15,HP,GADGETS
FLIPKART,ELECTRONICS,TV,HP THINKPAD,N/A,BALCK,85600,17,HP,GADGETS
FLIPKART,ELECTRONICS,TV,HP PAVELLOPN,N/A,BLACK,92500,20,HP,GADGETS
FLIPKART,ELECTRONICS,TV,HP PAVELLOPN,N/A,WHITE,92500,20,HP,GADGETS
FLIPKART,ELECTRONICS,TV,HP 360,N/A,BLACK,72500,25,HP,GADGETS
FLIPKART,ELECTRONICS,TV,DELL 15 ,N/A,BLACK,33900,29,DELL,GADGETS
FLIPKART,ELECTRONICS,TV,DELL 16,N/A,WHITE,33900,29,DELL,GADGETS
FLIPKART,ELECTRONICS,TV,DELL 17,N/A,GRAY,33900,29,DELL,GADGETS
FLIPKART,ELECTRONICS,TV,DELL WYSE ,N/A,BLACK,21500,57,DELL,GADGETS
FLIPKART,ELECTRONICS,TV,DELL WYSE ,N/A,GRAY,21500,57,DELL,GADGETS
FLIPKART,ELECTRONICS,TV,DELL WYSE A,N/A,BLACK,32500,50,DELL,GADGETS
FLIPKART,ELECTRONICS,TV,DELL WYSE A,N/A,WHITE,32500,50,DELL,GADGETS
FLIPKART,ELECTRONICS,TV,DELL WYSE A,N/A,GRAY,32500,50,DELL,GADGETS
FLIPKART,ELECTRONICS,TV,DELL INSPIRION,N/A,BLACK,42500,40,DELL,GADGETS
FLIPKART,ELECTRONICS,TV,DELL INSPIRION,N/A,WHITE,42500,40,DELL,GADGETS
FLIPKART,ELECTRONICS,TV,DELL INSPERION S,N/A,BLACK,57800,32,DELL,GADGETS
FLIPKART,ELECTRONICS,TV,DELL INSPERION S,N/A,WHITE,57800,32,DELL,GADGETS
FLIPKART,ELECTRONICS,TV,DELL INSPERION S,N/A,GRAY,57800,32,DELL,GADGETS
FLIPKART,ELECTRONICS,TV,DELL I67,N/A,BLACK,42800,30,DELL,GADGETS
FLIPKART,ELECTRONICS,TV,DELL I68,N/A,WHITE,42800,30,DELL,GADGETS
FLIPKART,ELECTRONICS,TV,DELL LATITUDE,N/A,BLACK,33800,52,DELL,GADGETS
FLIPKART,ELECTRONICS,TV,DELL LATITUDE,N/A,WHITE,33800,52,DELL,GADGETS
FLIPKART,ELECTRONICS,TV,DELL I68,N/A,BLACK,42500,50,DELL,GADGETS
FLIPKART,ELECTRONICS,TV,DELL I69,N/A,WHITE,42500,50,DELL,GADGETS
FLIPKART,ELECTRONICS,TV,DELL I70,N/A,GRAY,42500,50,DELL,GADGETS
AMAZON,ELECRTONICS,LAPTOP,APPLE MACKBOOK AIR M2,N/A,BLACK,70500,10,APPLE,GADGETS
AMAZON,ELECRTONICS,LAPTOP,APPLE MACKBOOK AIR M3,N/A,GOLD,70500,10,APPLE,GADGETS
AMAZON,ELECRTONICS,LAPTOP,APPLE MACKBOOK AIR M4,N/A,SILVER,70500,10,APPLE,GADGETS
AMAZON,ELECRTONICS,LAPTOP,APPLE MACKBOOK AIR M1,N/A,BLACK,65800,21,APPLE,GADGETS
AMAZON,ELECRTONICS,LAPTOP,APPLE MACKBOOK AIR M2,N/A,GOLD,65800,21,APPLE,GADGETS
AMAZON,ELECRTONICS,LAPTOP,APPLE MACKBOOK AIR M3,N/A,SILVER,65800,21,APPLE,GADGETS
AMAZON,ELECRTONICS,LAPTOP,APPLE MACKBOOK AIR M3,N/A,BLACK,73800,20,APPLE,GADGETS
AMAZON,ELECRTONICS,LAPTOP,APPLE MACKBOOK AIR M4,N/A,GOLD,73800,20,APPLE,GADGETS
AMAZON,ELECRTONICS,LAPTOP,APPLE MACKBOOK AIR M5,N/A,SILVER,73800,20,APPLE,GADGETS
AMAZON,ELECRTONICS,LAPTOP,APPLE MACKBOOK AIR M4,N/A,BLACK,92990,8,APPLE,GADGETS
AMAZON,ELECRTONICS,LAPTOP,APPLE MACKBOOK AIR M5,N/A,GOLD,92990,8,APPLE,GADGETS
AMAZON,ELECRTONICS,LAPTOP,APPLE MACKBOOK AIR M6,N/A,SILVER,92990,8,APPLE,GADGETS
AMAZON,ELECRTONICS,LAPTOP,APPLE MACKBOOK PRO,N/A,BLACK,95000,12,APPLE,GADGETS
AMAZON,ELECRTONICS,LAPTOP,APPLE MACKBOOK PRO,N/A,GOLD,95000,12,APPLE,GADGETS
AMAZON,ELECRTONICS,LAPTOP,APPLE MACKBOOK PRO,N/A,SILVER,95000,12,APPLE,GADGETS
AMAZON,ELECRTONICS,LAPTOP,APPLE MACKBOOK PRO M3,N/A,BLACK,105000,7,APPLE,GADGETS
AMAZON,ELECRTONICS,LAPTOP,APPLE MACKBOOK PRO M4,N/A,GOLD,105000,7,APPLE,GADGETS
AMAZON,ELECRTONICS,LAPTOP,APPLE MACKBOOK PRO M5,N/A,SILVER,105000,7,APPLE,GADGETS
AMAZON,ELECRTONICS,LAPTOP,APPLE MACKBOOK PRO M3 MAX,N/A,BLACK,262500,20,APPLE,GADGETS
AMAZON,ELECRTONICS,LAPTOP,APPLE MACKBOOK PRO M3 MAX,N/A,GOLD,262500,20,APPLE,GADGETS
AMAZON,ELECRTONICS,LAPTOP,APPLE MACKBOOK PRO M3 MAX,N/A,SILVER,262500,20,APPLE,GADGETS
AMAZON,ELECRTONICS,LAPTOP,APPLE MACKBOOK PRO M4,N/A,BLACK,165000,7,APPLE,GADGETS
AMAZON,ELECRTONICS,LAPTOP,APPLE MACKBOOK PRO M5,N/A,GOLD,165000,7,APPLE,GADGETS
AMAZON,ELECRTONICS,LAPTOP,APPLE MACKBOOK PRO M6,N/A,SILVER,165000,7,APPLE,GADGETS
AMAZON,ELECTRONICS,TV,HP VIVTUS,N/A,BLACK,65800,16,HP,GADGETS
AMAZON,ELECTRONICS,TV,HP VIVTUS,N/A,WHITE,65800,16,HP,GADGETS
AMAZON,ELECTRONICS,TV,HP THINPAD,N/A,BLACK,39000,25,HP,GADGETS
AMAZON,ELECTRONICS,TV,HP THINPAD,N/A,WHITE,39000,25,HP,GADGETS
AMAZON,ELECTRONICS,TV,HP 15R,N/A,BLACK,33300,53,HP,GADGETS
AMAZON,ELECTRONICS,TV,HP 15R,N/A,WHITE,33300,53,HP,GADGETS
AMAZON,ELECTRONICS,TV,HP 15S,N/A,BLACK,30750,32,HP,GADGETS
AMAZON,ELECTRONICS,TV,HP 15S,N/A,WHITE,30750,32,HP,GADGETS
AMAZON,ELECTRONICS,TV,HP 15S,N/A,GRAY,30750,32,HP,GADGETS
AMAZON,ELECTRONICS,TV,HP VICTUS,N/A,BLACK,107990,13,HP,GADGETS
AMAZON,ELECTRONICS,TV,HP 225,N/A,GRAY,26900,15,HP,GADGETS
AMAZON,ELECTRONICS,TV,HP 15T,N/A,BLACK,32000,35,HP,GADGETS
AMAZON,ELECTRONICS,TV,HP 15T,N/A,WHITE,32000,35,HP,GADGETS
AMAZON,ELECTRONICS,TV,HP OMEN,N/A,BLACK,97500,20,HP,GADGETS
AMAZON,ELECTRONICS,TV,HP OMEN S,N/A,BLACK,125000,15,HP,GADGETS
AMAZON,ELECTRONICS,TV,HP THINKPAD,N/A,BALCK,85600,17,HP,GADGETS
AMAZON,ELECTRONICS,TV,HP PAVELLOPN,N/A,BLACK,94000,20,HP,GADGETS
AMAZON,ELECTRONICS,TV,HP PAVELLOPN,N/A,WHITE,94000,20,HP,GADGETS
AMAZON,ELECTRONICS,TV,HP 360,N/A,BLACK,72500,25,HP,GADGETS
AMAZON,ELECTRONICS,TV,DELL 15 ,N/A,BLACK,32400,32,DELL,GADGETS
AMAZON,ELECTRONICS,TV,DELL 16,N/A,WHITE,32400,32,DELL,GADGETS
AMAZON,ELECTRONICS,TV,DELL 17,N/A,GRAY,32400,32,DELL,GADGETS
AMAZON,ELECTRONICS,TV,DELL WYSE ,N/A,BLACK,21500,57,DELL,GADGETS
AMAZON,ELECTRONICS,TV,DELL WYSE ,N/A,GRAY,21500,57,DELL,GADGETS
AMAZON,ELECTRONICS,TV,DELL WYSE A,N/A,BLACK,31700,55,DELL,GADGETS
AMAZON,ELECTRONICS,TV,DELL WYSE A,N/A,WHITE,31700,55,DELL,GADGETS
AMAZON,ELECTRONICS,TV,DELL WYSE A,N/A,GRAY,31700,55,DELL,GADGETS
AMAZON,ELECTRONICS,TV,DELL INSPIRION,N/A,BLACK,42500,40,DELL,GADGETS
AMAZON,ELECTRONICS,TV,DELL INSPIRION,N/A,WHITE,42500,40,DELL,GADGETS
AMAZON,ELECTRONICS,TV,DELL INSPERION S,N/A,BLACK,55600,35,DELL,GADGETS
AMAZON,ELECTRONICS,TV,DELL INSPERION S,N/A,WHITE,55600,35,DELL,GADGETS
AMAZON,ELECTRONICS,TV,DELL INSPERION S,N/A,GRAY,55600,35,DELL,GADGETS
AMAZON,ELECTRONICS,TV,DELL I67,N/A,BLACK,42800,30,DELL,GADGETS
AMAZON,ELECTRONICS,TV,DELL I68,N/A,WHITE,42800,30,DELL,GADGETS
AMAZON,ELECTRONICS,TV,DELL LATITUDE,N/A,BLACK,33800,52,DELL,GADGETS
AMAZON,ELECTRONICS,TV,DELL LATITUDE,N/A,WHITE,33800,52,DELL,GADGETS
AMAZON,ELECTRONICS,TV,DELL I68,N/A,BLACK,40000,50,DELL,GADGETS
AMAZON,ELECTRONICS,TV,DELL I69,N/A,WHITE,40000,50,DELL,GADGETS
AMAZON,ELECTRONICS,TV,DELL I70,N/A,GRAY,40000,50,DELL,GADGETS
EBAY,ELECRTONICS,LAPTOP,APPLE MACKBOOK AIR M2,N/A,BLACK,74440,12,APPLE,GADGETS
EBAY,ELECRTONICS,LAPTOP,APPLE MACKBOOK AIR M3,N/A,GOLD,72990,12,APPLE,GADGETS
EBAY,ELECRTONICS,LAPTOP,APPLE MACKBOOK AIR M4,N/A,SILVER,72990,12,APPLE,GADGETS
EBAY,ELECRTONICS,LAPTOP,APPLE MACKBOOK AIR M1,N/A,BLACK,66990,20,APPLE,GADGETS
EBAY,ELECRTONICS,LAPTOP,APPLE MACKBOOK AIR M2,N/A,GOLD,66990,20,APPLE,GADGETS
EBAY,ELECRTONICS,LAPTOP,APPLE MACKBOOK AIR M3,N/A,SILVER,66990,20,APPLE,GADGETS
EBAY,ELECRTONICS,LAPTOP,APPLE MACKBOOK AIR M3,N/A,BLACK,75500,18,APPLE,GADGETS
EBAY,ELECRTONICS,LAPTOP,APPLE MACKBOOK AIR M4,N/A,GOLD,78000,18,APPLE,GADGETS
EBAY,ELECRTONICS,LAPTOP,APPLE MACKBOOK AIR M5,N/A,SILVER,75500,18,APPLE,GADGETS
EBAY,ELECRTONICS,LAPTOP,APPLE MACKBOOK AIR M4,N/A,BLACK,97500,5,APPLE,GADGETS
EBAY,ELECRTONICS,LAPTOP,APPLE MACKBOOK AIR M5,N/A,GOLD,97500,5,APPLE,GADGETS
EBAY,ELECRTONICS,LAPTOP,APPLE MACKBOOK AIR M6,N/A,SILVER,97500,5,APPLE,GADGETS
EBAY,ELECRTONICS,LAPTOP,APPLE MACKBOOK PRO,N/A,BLACK,99500,10,APPLE,GADGETS
EBAY,ELECRTONICS,LAPTOP,APPLE MACKBOOK PRO,N/A,GOLD,99500,10,APPLE,GADGETS
EBAY,ELECRTONICS,LAPTOP,APPLE MACKBOOK PRO,N/A,SILVER,99500,10,APPLE,GADGETS
EBAY,ELECRTONICS,LAPTOP,APPLE MACKBOOK PRO M3,N/A,BLACK,105000,7,APPLE,GADGETS
EBAY,ELECRTONICS,LAPTOP,APPLE MACKBOOK PRO M4,N/A,GOLD,105000,7,APPLE,GADGETS
EBAY,ELECRTONICS,LAPTOP,APPLE MACKBOOK PRO M5,N/A,SILVER,105000,7,APPLE,GADGETS
EBAY,ELECRTONICS,LAPTOP,APPLE MACKBOOK PRO M3 MAX,N/A,BLACK,262500,20,APPLE,GADGETS
EBAY,ELECRTONICS,LAPTOP,APPLE MACKBOOK PRO M3 MAX,N/A,GOLD,262500,20,APPLE,GADGETS
EBAY,ELECRTONICS,LAPTOP,APPLE MACKBOOK PRO M3 MAX,N/A,SILVER,262500,20,APPLE,GADGETS
EBAY,ELECRTONICS,LAPTOP,APPLE MACKBOOK PRO M4,N/A,BLACK,186500,5,APPLE,GADGETS
EBAY,ELECRTONICS,LAPTOP,APPLE MACKBOOK PRO M5,N/A,GOLD,186500,5,APPLE,GADGETS
EBAY,ELECRTONICS,LAPTOP,APPLE MACKBOOK PRO M6,N/A,SILVER,186500,5,APPLE,GADGETS
EBAY,ELECTRONICS,TV,HP VIVTUS,N/A,BLACK,67700,16,HP,GADGETS
EBAY,ELECTRONICS,TV,HP VIVTUS,N/A,WHITE,67700,16,HP,GADGETS
EBAY,ELECTRONICS,TV,HP THINPAD,N/A,BLACK,38390,27,HP,GADGETS
EBAY,ELECTRONICS,TV,HP THINPAD,N/A,WHITE,38390,27,HP,GADGETS
EBAY,ELECTRONICS,TV,HP 15R,N/A,BLACK,32990,56,HP,GADGETS
EBAY,ELECTRONICS,TV,HP 15R,N/A,WHITE,32990,56,HP,GADGETS
EBAY,ELECTRONICS,TV,HP 15S,N/A,BLACK,32500,30,HP,GADGETS
EBAY,ELECTRONICS,TV,HP 15S,N/A,WHITE,32500,30,HP,GADGETS
EBAY,ELECTRONICS,TV,HP 15S,N/A,GRAY,32500,30,HP,GADGETS
EBAY,ELECTRONICS,TV,HP VICTUS,N/A,BLACK,107990,13,HP,GADGETS
EBAY,ELECTRONICS,TV,HP 225,N/A,GRAY,26900,15,HP,GADGETS
EBAY,ELECTRONICS,TV,HP 15T,N/A,BLACK,30999,32,HP,GADGETS
EBAY,ELECTRONICS,TV,HP 15T,N/A,WHITE,30999,32,HP,GADGETS
EBAY,ELECTRONICS,TV,HP OMEN,N/A,BLACK,97500,20,HP,GADGETS
EBAY,ELECTRONICS,TV,HP OMEN S,N/A,BLACK,125000,15,HP,GADGETS
EBAY,ELECTRONICS,TV,HP THINKPAD,N/A,BALCK,85600,17,HP,GADGETS
EBAY,ELECTRONICS,TV,HP PAVELLOPN,N/A,BLACK,92500,20,HP,GADGETS
EBAY,ELECTRONICS,TV,HP PAVELLOPN,N/A,WHITE,92500,20,HP,GADGETS
EBAY,ELECTRONICS,TV,HP 360,N/A,BLACK,72500,25,HP,GADGETS
EBAY,ELECTRONICS,TV,DELL 15 ,N/A,BLACK,35000,29,DELL,GADGETS
EBAY,ELECTRONICS,TV,DELL 16,N/A,WHITE,35000,29,DELL,GADGETS
EBAY,ELECTRONICS,TV,DELL 17,N/A,GRAY,35000,29,DELL,GADGETS
EBAY,ELECTRONICS,TV,DELL WYSE ,N/A,BLACK,21500,57,DELL,GADGETS
EBAY,ELECTRONICS,TV,DELL WYSE ,N/A,GRAY,21500,57,DELL,GADGETS
EBAY,ELECTRONICS,TV,DELL WYSE A,N/A,BLACK,32500,50,DELL,GADGETS
EBAY,ELECTRONICS,TV,DELL WYSE A,N/A,WHITE,32500,50,DELL,GADGETS
EBAY,ELECTRONICS,TV,DELL WYSE A,N/A,GRAY,32500,50,DELL,GADGETS
EBAY,ELECTRONICS,TV,DELL INSPIRION,N/A,BLACK,42500,40,DELL,GADGETS
EBAY,ELECTRONICS,TV,DELL INSPIRION,N/A,WHITE,42500,40,DELL,GADGETS
EBAY,ELECTRONICS,TV,DELL INSPERION S,N/A,BLACK,57800,32,DELL,GADGETS
EBAY,ELECTRONICS,TV,DELL INSPERION S,N/A,WHITE,57800,32,DELL,GADGETS
EBAY,ELECTRONICS,TV,DELL INSPERION S,N/A,GRAY,57800,32,DELL,GADGETS
EBAY,ELECTRONICS,TV,DELL I67,N/A,BLACK,42800,30,DELL,GADGETS
EBAY,ELECTRONICS,TV,DELL I68,N/A,WHITE,42800,30,DELL,GADGETS
EBAY,ELECTRONICS,TV,DELL LATITUDE,N/A,BLACK,33800,52,DELL,GADGETS
EBAY,ELECTRONICS,TV,DELL LATITUDE,N/A,WHITE,33800,52,DELL,GADGETS
EBAY,ELECTRONICS,TV,DELL I68,N/A,BLACK,42500,50,DELL,GADGETS
EBAY,ELECTRONICS,TV,DELL I69,N/A,WHITE,42500,50,DELL,GADGETS
EBAY,ELECTRONICS,TV,DELL I70,N/A,GRAY,42500,50,DELL,GADGETS
FLIPKART,ELECTRONICS,TV,LG LR57,80CM,BLACK,14990,31,LG,HOME APPLIENCES
FLIPKART,ELECTRONICS,TV,LG LR58,80CM,BLACK,15200,31,LG,HOME APPLIENCES
FLIPKART,ELECTRONICS,TV,LG LR59,80CM,BLACK,15450,31,LG,HOME APPLIENCES
FLIPKART,ELECTRONICS,TV,LG LR60,80CM,BLACK,15673,31,LG,HOME APPLIENCES
FLIPKART,ELECTRONICS,TV,LG LR61,80CM,BLACK,15903,31,LG,HOME APPLIENCES
FLIPKART,ELECTRONICS,TV,LG LR62,80CM,BLACK,16133,31,LG,HOME APPLIENCES
FLIPKART,ELECTRONICS,TV,LG LR63,80CM,BLACK,16363,31,LG,HOME APPLIENCES
FLIPKART,ELECTRONICS,TV,LG LR64,80CM,BLACK,16593,31,LG,HOME APPLIENCES
FLIPKART,ELECTRONICS,TV,LG LR65,80CM,BLACK,16823,31,LG,HOME APPLIENCES
FLIPKART,ELECTRONICS,TV,LG UR75,108CM,BLACK,31990,36,LG,HOME APPLIENCES
FLIPKART,ELECTRONICS,TV,LG UR76,108CM,BLACK,32250,36,LG,HOME APPLIENCES
FLIPKART,ELECTRONICS,TV,LG UR77,108CM,BLACK,33600,36,LG,HOME APPLIENCES
FLIPKART,ELECTRONICS,TV,LG UR78,108CM,BLACK,34223,36,LG,HOME APPLIENCES
FLIPKART,ELECTRONICS,TV,LG UR79,108CM,BLACK,35028,36,LG,HOME APPLIENCES
FLIPKART,ELECTRONICS,TV,LG UR80,108CM,BLACK,35833,36,LG,HOME APPLIENCES
FLIPKART,ELECTRONICS,TV,LG UR81,108CM,BLACK,36638,36,LG,HOME APPLIENCES
FLIPKART,ELECTRONICS,TV,LG UR82,108CM,BLACK,37443,36,LG,HOME APPLIENCES
FLIPKART,ELECTRONICS,TV,LG UR83,108CM,BLACK,38248,36,LG,HOME APPLIENCES
FLIPKART,ELECTRONICS,TV,LG 32LMBPTC,80CM,BLACK,13500,45,LG,HOME APPLIENCES
FLIPKART,ELECTRONICS,TV,LG 32LMBPTC,80CM,BLACK,13700,45,LG,HOME APPLIENCES
FLIPKART,ELECTRONICS,TV,LG 32LMBPTC,80CM,BLACK,13900,45,LG,HOME APPLIENCES
FLIPKART,ELECTRONICS,TV,LG 32LMBPTC,80CM,BLACK,14100,45,LG,HOME APPLIENCES
FLIPKART,ELECTRONICS,TV,LG 32LMBPTC,80CM,BLACK,14300,45,LG,HOME APPLIENCES
FLIPKART,ELECTRONICS,TV,LG UR7500,126CM,BLACK,36999,47,LG,HOME APPLIENCES
AMAZON,ELECTRONICS,TV,LG LR57,80CM,BLACK,15222,31,LG,HOME APPLIENCES
AMAZON,ELECTRONICS,TV,LG LR58,80CM,BLACK,15480,31,LG,HOME APPLIENCES
AMAZON,ELECTRONICS,TV,LG LR59,80CM,BLACK,15738,31,LG,HOME APPLIENCES
AMAZON,ELECTRONICS,TV,LG LR60,80CM,BLACK,15996,31,LG,HOME APPLIENCES
AMAZON,ELECTRONICS,TV,LG LR61,80CM,BLACK,16254,31,LG,HOME APPLIENCES
AMAZON,ELECTRONICS,TV,LG LR62,80CM,BLACK,16512,31,LG,HOME APPLIENCES
AMAZON,ELECTRONICS,TV,LG LR63,80CM,BLACK,16770,31,LG,HOME APPLIENCES
AMAZON,ELECTRONICS,TV,LG LR64,80CM,BLACK,17028,31,LG,HOME APPLIENCES
AMAZON,ELECTRONICS,TV,LG LR65,80CM,BLACK,15800,31,LG,HOME APPLIENCES
AMAZON,ELECTRONICS,TV,LG UR75,108CM,BLACK,32500,30,LG,HOME APPLIENCES
AMAZON,ELECTRONICS,TV,LG UR76,108CM,BLACK,33250,30,LG,HOME APPLIENCES
AMAZON,ELECTRONICS,TV,LG UR77,108CM,BLACK,34000,30,LG,HOME APPLIENCES
AMAZON,ELECTRONICS,TV,LG UR78,108CM,BLACK,34750,30,LG,HOME APPLIENCES
AMAZON,ELECTRONICS,TV,LG UR79,108CM,BLACK,35500,30,LG,HOME APPLIENCES
AMAZON,ELECTRONICS,TV,LG UR80,108CM,BLACK,36250,30,LG,HOME APPLIENCES
AMAZON,ELECTRONICS,TV,LG UR81,108CM,BLACK,37000,30,LG,HOME APPLIENCES
AMAZON,ELECTRONICS,TV,LG UR82,108CM,BLACK,37750,30,LG,HOME APPLIENCES
AMAZON,ELECTRONICS,TV,LG UR83,108CM,BLACK,38500,30,LG,HOME APPLIENCES
AMAZON,ELECTRONICS,TV,LG 32LMBPTC,80CM,BLACK,13500,45,LG,HOME APPLIENCES
AMAZON,ELECTRONICS,TV,LG 32LMBPTC,80CM,BLACK,13700,45,LG,HOME APPLIENCES
AMAZON,ELECTRONICS,TV,LG 32LMBPTC,80CM,BLACK,13900,45,LG,HOME APPLIENCES
AMAZON,ELECTRONICS,TV,LG 32LMBPTC,80CM,BLACK,14100,45,LG,HOME APPLIENCES
AMAZON,ELECTRONICS,TV,LG 32LMBPTC,80CM,BLACK,14300,45,LG,HOME APPLIENCES
AMAZON,ELECTRONICS,TV,LG UR7500,126CM,BLACK,36999,47,LG,HOME APPLIENCES
EBAY,ELECTRONICS,TV,LG LR57,80CM,BLACK,15700,27,LG,HOME APPLIENCES
EBAY,ELECTRONICS,TV,LG LR58,80CM,BLACK,15950,27,LG,HOME APPLIENCES
EBAY,ELECTRONICS,TV,LG LR59,80CM,BLACK,16200,27,LG,HOME APPLIENCES
EBAY,ELECTRONICS,TV,LG LR60,80CM,BLACK,16450,27,LG,HOME APPLIENCES
EBAY,ELECTRONICS,TV,LG LR61,80CM,BLACK,16700,27,LG,HOME APPLIENCES
EBAY,ELECTRONICS,TV,LG LR62,80CM,BLACK,16950,27,LG,HOME APPLIENCES
EBAY,ELECTRONICS,TV,LG LR63,80CM,BLACK,17200,27,LG,HOME APPLIENCES
EBAY,ELECTRONICS,TV,LG LR64,80CM,BLACK,17450,27,LG,HOME APPLIENCES
EBAY,ELECTRONICS,TV,LG LR65,80CM,BLACK,17700,27,LG,HOME APPLIENCES
EBAY,ELECTRONICS,TV,LG UR75,108CM,BLACK,31990,36,LG,HOME APPLIENCES
EBAY,ELECTRONICS,TV,LG UR76,108CM,BLACK,32250,36,LG,HOME APPLIENCES
EBAY,ELECTRONICS,TV,LG UR77,108CM,BLACK,33600,36,LG,HOME APPLIENCES
EBAY,ELECTRONICS,TV,LG UR78,108CM,BLACK,34223,36,LG,HOME APPLIENCES
EBAY,ELECTRONICS,TV,LG UR79,108CM,BLACK,35028,36,LG,HOME APPLIENCES
EBAY,ELECTRONICS,TV,LG UR80,108CM,BLACK,35833,36,LG,HOME APPLIENCES
EBAY,ELECTRONICS,TV,LG UR81,108CM,BLACK,36638,36,LG,HOME APPLIENCES
EBAY,ELECTRONICS,TV,LG UR82,108CM,BLACK,37443,36,LG,HOME APPLIENCES
EBAY,ELECTRONICS,TV,LG UR83,108CM,BLACK,38248,36,LG,HOME APPLIENCES
EBAY,ELECTRONICS,TV,LG 32LMBPTC,80CM,BLACK,13500,45,LG,HOME APPLIENCES
EBAY,ELECTRONICS,TV,LG 32LMBPTC,80CM,BLACK,13700,45,LG,HOME APPLIENCES
EBAY,ELECTRONICS,TV,LG 32LMBPTC,80CM,BLACK,13900,45,LG,HOME APPLIENCES
EBAY,ELECTRONICS,TV,LG 32LMBPTC,80CM,BLACK,14100,45,LG,HOME APPLIENCES
EBAY,ELECTRONICS,TV,LG 32LMBPTC,80CM,BLACK,14300,45,LG,HOME APPLIENCES
EBAY,ELECTRONICS,TV,LG UR7500,126CM,BLACK,36999,47,LG,HOME APPLIENCES
FLIPKART ,ELECTRONICS,TV,SAMSUNG,80CM,BLACK,14990,20,SAMSUNG,HOME APPLIENCES
FLIPKART ,ELECTRONICS,TV,SAMSUNG,52CM,BLACK,12500,25,SAMSUNG,HOME APPLIENCES
FLIPKART ,ELECTRONICS,TV,SAMSUNG,80CM,BLACK,18099,20,SAMSUNG,HOME APPLIENCES
FLIPKART ,ELECTRONICS,TV,SAMSUNG,108CM,BLACK,31990,31,SAMSUNG,HOME APPLIENCES
FLIPKART ,ELECTRONICS,TV,SAMSUNG NEW D,108CM,BLACK,30990,30,SAMSUNG,HOME APPLIENCES
FLIPKART ,ELECTRONICS,TV,SAMSUNG CRYSTAL VISION,108CM,BLACK,29999,45,SAMSUNG,HOME APPLIENCES
FLIPKART ,ELECTRONICS,TV,SAMSUNG NEW S,108CM,BLACK,43990,40,SAMSUNG,HOME APPLIENCES
FLIPKART ,ELECTRONICS,TV,SAMSUNG NEW D,80CM,BLACK,26500,25,SAMSUNG,HOME APPLIENCES
FLIPKART ,ELECTRONICS,TV,SAMSUNG CRYSTAL VISION,80CM,BLACK,22600,30,SAMSUNG,HOME APPLIENCES
FLIPKART ,ELECTRONICS,TV,SAMSUNG NEW S,80CM,BLACK,27800,35,SAMSUNG,HOME APPLIENCES
FLIPKART ,ELECTRONICS,TV,SAMSUNG AMOLED A,108CM,BLACK,45800,30,SAMSUNG,HOME APPLIENCES
FLIPKART ,ELECTRONICS,TV,SAMSUNG AMOLED B,108CM,BLACK,48500,25,SAMSUNG,HOME APPLIENCES
FLIPKART ,ELECTRONICS,TV,SAMSUNG AMOLED A,80CM,BLACK,25600,20,SAMSUNG,HOME APPLIENCES
FLIPKART ,ELECTRONICS,TV,SAMSUNG AMOLED B,80CM,BLACK,28600,35,SAMSUNG,HOME APPLIENCES
FLIPKART ,ELECTRONICS,TV,SAMSUNG ULTRA,108CM,BLACK,34240,25,SAMSUNG,HOME APPLIENCES
FLIPKART ,ELECTRONICS,TV,SAMSUNG ULTRA PRO,108CM,BLACK,80600,32,SAMSUNG,HOME APPLIENCES
FLIPKART ,ELECTRONICS,TV,SAMSUNG THE FRAME,138CM,BLACK,89990,24,SAMSUNG,HOME APPLIENCES
FLIPKART ,ELECTRONICS,TV,SAMSUNG ULTRA QLED,138CM,BLACK,62990,30,SAMSUNG,HOME APPLIENCES
AMAZON,ELECTRONICS,TV,SAMSUNG,80CM,BLACK,14200,18,SAMSUNG,HOME APPLIENCES
AMAZON,ELECTRONICS,TV,SAMSUNG,52CM,BLACK,12000,22,SAMSUNG,HOME APPLIENCES
AMAZON,ELECTRONICS,TV,SAMSUNG,80CM,BLACK,17500,17,SAMSUNG,HOME APPLIENCES
AMAZON,ELECTRONICS,TV,SAMSUNG,108CM,BLACK,27500,25,SAMSUNG,HOME APPLIENCES
AMAZON,ELECTRONICS,TV,SAMSUNG NEW D,108CM,BLACK,32500,30,SAMSUNG,HOME APPLIENCES
AMAZON,ELECTRONICS,TV,SAMSUNG CRYSTAL VISION,108CM,BLACK,29999,45,SAMSUNG,HOME APPLIENCES
AMAZON,ELECTRONICS,TV,SAMSUNG NEW S,108CM,BLACK,40500,37,SAMSUNG,HOME APPLIENCES
AMAZON,ELECTRONICS,TV,SAMSUNG NEW D,80CM,BLACK,26500,27,SAMSUNG,HOME APPLIENCES
AMAZON,ELECTRONICS,TV,SAMSUNG CRYSTAL VISION,80CM,BLACK,25600,30,SAMSUNG,HOME APPLIENCES
AMAZON,ELECTRONICS,TV,SAMSUNG NEW S,80CM,BLACK,25600,30,SAMSUNG,HOME APPLIENCES
AMAZON,ELECTRONICS,TV,SAMSUNG AMOLED A,108CM,BLACK,47800,25,SAMSUNG,HOME APPLIENCES
AMAZON,ELECTRONICS,TV,SAMSUNG AMOLED B,108CM,BLACK,48500,25,SAMSUNG,HOME APPLIENCES
AMAZON,ELECTRONICS,TV,SAMSUNG AMOLED A,80CM,BLACK,23600,15,SAMSUNG,HOME APPLIENCES
AMAZON,ELECTRONICS,TV,SAMSUNG AMOLED B,80CM,BLACK,28600,35,SAMSUNG,HOME APPLIENCES
AMAZON,ELECTRONICS,TV,SAMSUNG ULTRA,108CM,BLACK,34240,25,SAMSUNG,HOME APPLIENCES
AMAZON,ELECTRONICS,TV,SAMSUNG ULTRA PRO,108CM,BLACK,80600,32,SAMSUNG,HOME APPLIENCES
AMAZON,ELECTRONICS,TV,SAMSUNG THE FRAME,138CM,BLACK,89990,24,SAMSUNG,HOME APPLIENCES
AMAZON,ELECTRONICS,TV,SAMSUNG ULTRA QLED,138CM,BLACK,62990,30,SAMSUNG,HOME APPLIENCES
FLIPKART ,ELECTRONICS,TV,SAMSUNG,80CM,BLACK,16500,15,SAMSUNG,HOME APPLIENCES
FLIPKART ,ELECTRONICS,TV,SAMSUNG,52CM,BLACK,13600,20,SAMSUNG,HOME APPLIENCES
FLIPKART ,ELECTRONICS,TV,SAMSUNG,80CM,BLACK,18099,20,SAMSUNG,HOME APPLIENCES
FLIPKART ,ELECTRONICS,TV,SAMSUNG,108CM,BLACK,35600,31,SAMSUNG,HOME APPLIENCES
FLIPKART ,ELECTRONICS,TV,SAMSUNG NEW D,108CM,BLACK,30990,30,SAMSUNG,HOME APPLIENCES
FLIPKART ,ELECTRONICS,TV,SAMSUNG CRYSTAL VISION,108CM,BLACK,32500,40,SAMSUNG,HOME APPLIENCES
FLIPKART ,ELECTRONICS,TV,SAMSUNG NEW S,108CM,BLACK,45500,35,SAMSUNG,HOME APPLIENCES
FLIPKART ,ELECTRONICS,TV,SAMSUNG NEW D,80CM,BLACK,26500,25,SAMSUNG,HOME APPLIENCES
FLIPKART ,ELECTRONICS,TV,SAMSUNG CRYSTAL VISION,80CM,BLACK,23600,27,SAMSUNG,HOME APPLIENCES
FLIPKART ,ELECTRONICS,TV,SAMSUNG NEW S,80CM,BLACK,27800,35,SAMSUNG,HOME APPLIENCES
FLIPKART ,ELECTRONICS,TV,SAMSUNG AMOLED A,108CM,BLACK,45800,30,SAMSUNG,HOME APPLIENCES
FLIPKART ,ELECTRONICS,TV,SAMSUNG AMOLED B,108CM,BLACK,48500,25,SAMSUNG,HOME APPLIENCES
FLIPKART ,ELECTRONICS,TV,SAMSUNG AMOLED A,80CM,BLACK,28500,25,SAMSUNG,HOME APPLIENCES
FLIPKART ,ELECTRONICS,TV,SAMSUNG AMOLED B,80CM,BLACK,30250,30,SAMSUNG,HOME APPLIENCES
FLIPKART ,ELECTRONICS,TV,SAMSUNG ULTRA,108CM,BLACK,36400,25,SAMSUNG,HOME APPLIENCES
FLIPKART ,ELECTRONICS,TV,SAMSUNG ULTRA PRO,108CM,BLACK,85600,35,SAMSUNG,HOME APPLIENCES
FLIPKART ,ELECTRONICS,TV,SAMSUNG THE FRAME,138CM,BLACK,92600,25,SAMSUNG,HOME APPLIENCES
FLIPKART ,ELECTRONICS,TV,SAMSUNG ULTRA QLED,138CM,BLACK,66700,35,SAMSUNG,HOME APPLIENCES
