,WEBSITES,CATEGORY,SUB-CATEGORY,PRODUCT NAME,SPECIFICATIONS,COLOR,PRICE,DISCOUNT,BRAND,TYPE
0,AMAZON,ELECTRONICS,PHONE,IPHONE-6,32GB,GOLD,30780,7,IPHONE,GADGET
1,AMAZON,ELECTRONICS,PHONE,IPHONE-6,32GB,SILVER,30780,7,IPHONE,GADGET
2,AMAZON,ELECTRONICS,PHONE,IPHONE-6,64GB,GOLD,60000,5,IPHONE,GADGET
3,AMAZON,ELECTRONICS,PHONE,IPHONE-6,64GB,SILVER,60000,5,IPHONE,GADGET
4,AMAZON,ELECTRONICS,PHONE,IPHONE-6,64GB,GRAY,60000,5,IPHONE,GADGET
5,AMAZON,ELECTRONICS,PHONE,IPHONE-6,128GB,GRAY,71500,10,IPHONE,GADGET
6,AMAZON,ELECTRONICS,PHONE,IPHONE-7,128GB,BLACK,34900,28,IPHONE,GADGET
7,AMAZON,ELECTRONICS,PHONE,IPHONE-7,128GB,JET BLACK,34900,28,IPHONE,GADGET
8,AMAZON,ELECTRONICS,PHONE,IPHONE-7,128GB,RED,34900,28,IPHONE,GADGET
9,AMAZON,ELECTRONICS,PHONE,IPHONE-7,128GB,ROSE GOLD,34900,28,IPHONE,GADGET
10,AMAZON,ELECTRONICS,PHONE,IPHONE-7,128GB,GOLD,34900,28,IPHONE,GADGET
11,AMAZON,ELECTRONICS,PHONE,IPHONE-7,256GB,BLACK,85400,30,IPHONE,GADGET
12,AMAZON,ELECTRONICS,PHONE,IPHONE-7,256GB,GRAY,85400,30,IPHONE,GADGET
13,AMAZON,ELECTRONICS,PHONE,IPHONE-7,256GB,RED,85400,30,IPHONE,GADGET
14,AMAZON,ELECTRONICS,PHONE,IPHONE-7,32GB,GRAY,30000,10,IPHONE,GADGET
15,AMAZON,ELECTRONICS,PHONE,IPHONE-7,32GB,BLACK,30000,10,IPHONE,GADGET
16,AMAZON,ELECTRONICS,PHONE,IPHONE-8,64GB,GOLD,39900,20,IPHONE,GADGET
17,AMAZON,ELECTRONICS,PHONE,IPHONE-8,64GB,SILVER,39900,20,IPHONE,GADGET
18,AMAZON,ELECTRONICS,PHONE,IPHONE-8,64GB,BLACK,39900,20,IPHONE,GADGET
19,AMAZON,ELECTRONICS,PHONE,IPHONE-8,64GB,WHITE,39900,20,IPHONE,GADGET
20,AMAZON,ELECTRONICS,PHONE,IPHONE-8,256GB,BLACK,77000,35,IPHONE,GADGET
21,AMAZON,ELECTRONICS,PHONE,IPHONE-8,256GB,WHITE,77000,35,IPHONE,GADGET
22,AMAZON,ELECTRONICS,PHONE,IPHONE-8,256GB,GRAY,77000,35,IPHONE,GADGET
23,AMAZON,ELECTRONICS,PHONE,IPHONE-X,64GB,BLACK,91900,40,IPHONE,GADGET
24,AMAZON,ELECTRONICS,PHONE,IPHONE-X,64GB,GRAY,91900,40,IPHONE,GADGET
25,AMAZON,ELECTRONICS,PHONE,IPHONE-X,64GB,ROSE GOLD,91900,40,IPHONE,GADGET
26,AMAZON,ELECTRONICS,PHONE,IPHONE-X,256GB,BLACK,106500,20,IPHONE,GADGET
27,AMAZON,ELECTRONICS,PHONE,IPHONE-X,256GB,GRAY,106500,20,IPHONE,GADGET
28,AMAZON,ELECTRONICS,PHONE,IPHONE-X,512GB,WHITE,103900,20,IPHONE,GADGET
29,AMAZON,ELECTRONICS,PHONE,IPHONE-X,512GB,BLACK,103900,20,IPHONE,GADGET
30,AMAZON,ELECTRONICS,PHONE,IPHONE-X,512GB,GRAY,103900,20,IPHONE,GADGET
31,AMAZON,ELECTRONICS,PHONE,IPHONE-12,128GB,WHITE,49900,10,IPHONE,GADGET
32,AMAZON,ELECTRONICS,PHONE,IPHONE-12,128GB,BLACK,49900,10,IPHONE,GADGET
33,AMAZON,ELECTRONICS,PHONE,IPHONE-12,128GB,GOLD,49900,10,IPHONE,GADGET
34,AMAZON,ELECTRONICS,PHONE,IPHONE-12,128GB,RED,49900,10,IPHONE,GADGET
35,AMAZON,ELECTRONICS,PHONE,IPHONE-12,256GB,WHITE,64900,8,IPHONE,GADGET
36,AMAZON,ELECTRONICS,PHONE,IPHONE-12,256GB,BLACK,64900,8,IPHONE,GADGET
37,AMAZON,ELECTRONICS,PHONE,IPHONE-12,256GB,GOLD,64900,8,IPHONE,GADGET
38,AMAZON,ELECTRONICS,PHONE,IPHONE-12,256GB,RED,64900,8,IPHONE,GADGET
39,AMAZON,ELECTRONICS,PHONE,IPHONE-15,128GB,WHITE,64400,10,IPHONE,GADGET
40,AMAZON,ELECTRONICS,PHONE,IPHONE-15,128GB,BLACK,64400,10,IPHONE,GADGET
41,AMAZON,ELECTRONICS,PHONE,IPHONE-15,128GB,GOLD,64400,10,IPHONE,GADGET
42,AMAZON,ELECTRONICS,PHONE,IPHONE-15,128GB,RED,64400,10,IPHONE,GADGET
43,AMAZON,ELECTRONICS,PHONE,IPHONE-15,256GB,WHITE,74400,8,IPHONE,GADGET
44,AMAZON,ELECTRONICS,PHONE,IPHONE-15,256GB,BLACK,74400,8,IPHONE,GADGET
45,AMAZON,ELECTRONICS,PHONE,IPHONE-15,256GB,GOLD,74400,8,IPHONE,GADGET
46,AMAZON,ELECTRONICS,PHONE,IPHONE-15,256GB,RED,74400,8,IPHONE,GADGET
47,AMAZON,ELECTRONICS,PHONE,SAMSUNG GALEXY F06,4GB/128GB,GOLD,9199,35,SAMSUNG,GADGET
48,AMAZON,ELECTRONICS,PHONE,SAMSUNG GALEXY F16,4GB/128GB,GOLD,14999,30,SAMSUNG,GADGET
49,AMAZON,ELECTRONICS,PHONE,SAMSUNG GALEXY M35,4GB/128GB,GOLD,15999,25,SAMSUNG,GADGET
50,AMAZON,ELECTRONICS,PHONE,SAMSUNG GALEXY M36,4GB/128GB,GOLD,15999,25,SAMSUNG,GADGET
51,AMAZON,ELECTRONICS,PHONE,SAMSUNG GALEXY M37,4GB/128GB,GOLD,15999,25,SAMSUNG,GADGET
52,AMAZON,ELECTRONICS,PHONE,SAMSUNG GALEXY M38,4GB/128GB,GOLD,15999,25,SAMSUNG,GADGET
53,AMAZON,ELECTRONICS,PHONE,SAMSUNG GALEXY M39,4GB/128GB,GOLD,15999,25,SAMSUNG,GADGET
54,AMAZON,ELECTRONICS,PHONE,SAMSUNG GALEXY A33,4GB/128GB,GOLD,18250,30,SAMSUNG,GADGET
55,AMAZON,ELECTRONICS,PHONE,SAMSUNG GALEXY F20,4GB/128GB,GOLD,27500,25,SAMSUNG,GADGET
56,AMAZON,ELECTRONICS,PHONE,SAMSUNG GALEXY P45,4GB/128GB,GOLD,45000,30,SAMSUNG,GADGET
57,AMAZON,ELECTRONICS,PHONE,READMI A3X,64 GB,BLACK,6499,40,READMI,GADGET
58,AMAZON,ELECTRONICS,PHONE,READMI 14C,64GB,BLACK,14999,25,READMI,GADGET
59,AMAZON,ELECTRONICS,PHONE,READMI 1OS,64GB,BLACK,7899,35,READMI,GADGET
60,FLIPKART,ELECTRONICS,PHONE,IPHONE-6,32GB,GOLD,31780,6,IPHONE,GADGET
61,FLIPKART,ELECTRONICS,PHONE,IPHONE-6,32GB,SILVER,31780,6,IPHONE,GADGET
62,FLIPKART,ELECTRONICS,PHONE,IPHONE-6,64GB,GOLD,62000,5,IPHONE,GADGET
63,FLIPKART,ELECTRONICS,PHONE,IPHONE-6,64GB,SILVER,62000,5,IPHONE,GADGET
64,FLIPKART,ELECTRONICS,PHONE,IPHONE-6,64GB,GRAY,62000,5,IPHONE,GADGET
65,FLIPKART,ELECTRONICS,PHONE,IPHONE-6,128GB,GRAY,75000,12,IPHONE,GADGET
66,FLIPKART,ELECTRONICS,PHONE,IPHONE-7,128GB,BLACK,34900,28,IPHONE,GADGET
67,FLIPKART,ELECTRONICS,PHONE,IPHONE-7,128GB,JET BLACK,34900,28,IPHONE,GADGET
68,FLIPKART,ELECTRONICS,PHONE,IPHONE-7,128GB,RED,34900,28,IPHONE,GADGET
69,FLIPKART,ELECTRONICS,PHONE,IPHONE-7,128GB,ROSE GOLD,34900,28,IPHONE,GADGET
70,FLIPKART,ELECTRONICS,PHONE,IPHONE-7,128GB,GOLD,34900,28,IPHONE,GADGET
71,FLIPKART,ELECTRONICS,PHONE,IPHONE-7,256GB,BLACK,90000,35,IPHONE,GADGET
72,FLIPKART,ELECTRONICS,PHONE,IPHONE-7,256GB,GRAY,90000,35,IPHONE,GADGET
73,FLIPKART,ELECTRONICS,PHONE,IPHONE-7,256GB,RED,90000,35,IPHONE,GADGET
74,FLIPKART,ELECTRONICS,PHONE,IPHONE-7,32GB,GRAY,32000,10,IPHONE,GADGET
75,FLIPKART,ELECTRONICS,PHONE,IPHONE-7,32GB,BLACK,32000,10,IPHONE,GADGET
76,FLIPKART,ELECTRONICS,PHONE,IPHONE-8,64GB,GOLD,40000,20,IPHONE,GADGET
77,FLIPKART,ELECTRONICS,PHONE,IPHONE-8,64GB,SILVER,40000,20,IPHONE,GADGET
78,FLIPKART,ELECTRONICS,PHONE,IPHONE-8,64GB,BLACK,40000,20,IPHONE,GADGET
79,FLIPKART,ELECTRONICS,PHONE,IPHONE-8,64GB,WHITE,40000,20,IPHONE,GADGET
80,FLIPKART,ELECTRONICS,PHONE,IPHONE-8,256GB,BLACK,80000,30,IPHONE,GADGET
81,FLIPKART,ELECTRONICS,PHONE,IPHONE-8,256GB,WHITE,80000,30,IPHONE,GADGET
82,FLIPKART,ELECTRONICS,PHONE,IPHONE-8,256GB,GRAY,80000,30,IPHONE,GADGET
83,FLIPKART,ELECTRONICS,PHONE,IPHONE-X,64GB,BLACK,91900,40,IPHONE,GADGET
84,FLIPKART,ELECTRONICS,PHONE,IPHONE-X,64GB,GRAY,91900,40,IPHONE,GADGET
85,FLIPKART,ELECTRONICS,PHONE,IPHONE-X,64GB,ROSE GOLD,91900,40,IPHONE,GADGET
86,FLIPKART,ELECTRONICS,PHONE,IPHONE-X,256GB,BLACK,110000,15,IPHONE,GADGET
87,FLIPKART,ELECTRONICS,PHONE,IPHONE-X,256GB,GRAY,110000,15,IPHONE,GADGET
88,FLIPKART,ELECTRONICS,PHONE,IPHONE-X,512GB,WHITE,103900,20,IPHONE,GADGET
89,FLIPKART,ELECTRONICS,PHONE,IPHONE-X,512GB,BLACK,103900,20,IPHONE,GADGET
90,FLIPKART,ELECTRONICS,PHONE,IPHONE-X,512GB,GRAY,103900,20,IPHONE,GADGET
91,FLIPKART,ELECTRONICS,PHONE,IPHONE-12,128GB,WHITE,52000,8,IPHONE,GADGET
92,FLIPKART,ELECTRONICS,PHONE,IPHONE-12,128GB,BLACK,52000,8,IPHONE,GADGET
93,FLIPKART,ELECTRONICS,PHONE,IPHONE-12,128GB,GOLD,52000,8,IPHONE,GADGET
94,FLIPKART,ELECTRONICS,PHONE,IPHONE-12,128GB,RED,52000,8,IPHONE,GADGET
95,FLIPKART,ELECTRONICS,PHONE,IPHONE-12,256GB,WHITE,64900,8,IPHONE,GADGET
96,FLIPKART,ELECTRONICS,PHONE,IPHONE-12,256GB,BLACK,64900,8,IPHONE,GADGET
97,FLIPKART,ELECTRONICS,PHONE,IPHONE-12,256GB,GOLD,64900,8,IPHONE,GADGET
98,FLIPKART,ELECTRONICS,PHONE,IPHONE-12,256GB,RED,64900,8,IPHONE,GADGET
99,FLIPKART,ELECTRONICS,PHONE,IPHONE-15,128GB,WHITE,64400,10,IPHONE,GADGET
100,FLIPKART,ELECTRONICS,PHONE,IPHONE-15,128GB,BLACK,64400,10,IPHONE,GADGET
101,FLIPKART,ELECTRONICS,PHONE,IPHONE-15,128GB,GOLD,64400,10,IPHONE,GADGET
102,FLIPKART,ELECTRONICS,PHONE,IPHONE-15,128GB,RED,64400,10,IPHONE,GADGET
103,FLIPKART,ELECTRONICS,PHONE,IPHONE-15,256GB,WHITE,74400,8,IPHONE,GADGET
104,FLIPKART,ELECTRONICS,PHONE,IPHONE-15,256GB,BLACK,74400,8,IPHONE,GADGET
105,FLIPKART,ELECTRONICS,PHONE,IPHONE-15,256GB,GOLD,74400,8,IPHONE,GADGET
106,FLIPKART,ELECTRONICS,PHONE,IPHONE-15,256GB,RED,74400,8,IPHONE,GADGET
107,FLIPKART,ELECTRONICS,PHONE,SAMSUNG GALEXY F06,4GB/128GB,GOLD,8999,40,SAMSUNG,GADGET
108,FLIPKART,ELECTRONICS,PHONE,SAMSUNG GALEXY F16,4GB/128GB,GOLD,14999,30,SAMSUNG,GADGET
109,FLIPKART,ELECTRONICS,PHONE,SAMSUNG GALEXY M35,4GB/128GB,GOLD,15999,25,SAMSUNG,GADGET
110,FLIPKART,ELECTRONICS,PHONE,SAMSUNG GALEXY M36,4GB/128GB,GOLD,15999,25,SAMSUNG,GADGET
111,FLIPKART,ELECTRONICS,PHONE,SAMSUNG GALEXY M37,4GB/128GB,GOLD,15999,25,SAMSUNG,GADGET
112,FLIPKART,ELECTRONICS,PHONE,SAMSUNG GALEXY M38,4GB/128GB,GOLD,16850,20,SAMSUNG,GADGET
113,FLIPKART,ELECTRONICS,PHONE,SAMSUNG GALEXY M39,4GB/128GB,GOLD,15999,25,SAMSUNG,GADGET
114,FLIPKART,ELECTRONICS,PHONE,SAMSUNG GALEXY A33,4GB/128GB,GOLD,18250,30,SAMSUNG,GADGET
115,FLIPKART,ELECTRONICS,PHONE,SAMSUNG GALEXY F20,4GB/128GB,GOLD,27500,25,SAMSUNG,GADGET
116,FLIPKART,ELECTRONICS,PHONE,SAMSUNG GALEXY P45,4GB/128GB,GOLD,45000,30,SAMSUNG,GADGET
117,FLIPKART,ELECTRONICS,PHONE,READMI A3X,64 GB,BLACK,6499,40,READMI,GADGET
118,FLIPKART,ELECTRONICS,PHONE,READMI 14C,64GB,BLACK,14999,25,READMI,GADGET
119,FLIPKART,ELECTRONICS,PHONE,READMI 1OS,64GB,BLACK,7899,35,READMI,GADGET
120,EBAY,ELECTRONICS,PHONE,IPHONE-6,32GB,GOLD,32000,10,IPHONE,GADGET
121,EBAY,ELECTRONICS,PHONE,IPHONE-6,32GB,SILVER,32000,10,IPHONE,GADGET
122,EBAY,ELECTRONICS,PHONE,IPHONE-6,64GB,GOLD,62000,8,IPHONE,GADGET
123,EBAY,ELECTRONICS,PHONE,IPHONE-6,64GB,SILVER,62000,8,IPHONE,GADGET
124,EBAY,ELECTRONICS,PHONE,IPHONE-6,64GB,GRAY,62000,8,IPHONE,GADGET
125,EBAY,ELECTRONICS,PHONE,IPHONE-6,128GB,GRAY,71500,10,IPHONE,GADGET
126,EBAY,ELECTRONICS,PHONE,IPHONE-7,128GB,BLACK,35550,30,IPHONE,GADGET
127,EBAY,ELECTRONICS,PHONE,IPHONE-7,128GB,JET BLACK,35550,30,IPHONE,GADGET
128,EBAY,ELECTRONICS,PHONE,IPHONE-7,128GB,RED,35550,30,IPHONE,GADGET
129,EBAY,ELECTRONICS,PHONE,IPHONE-7,128GB,ROSE GOLD,35550,30,IPHONE,GADGET
130,EBAY,ELECTRONICS,PHONE,IPHONE-7,128GB,GOLD,35550,30,IPHONE,GADGET
131,EBAY,ELECTRONICS,PHONE,IPHONE-7,256GB,BLACK,85400,30,IPHONE,GADGET
132,EBAY,ELECTRONICS,PHONE,IPHONE-7,256GB,GRAY,85400,30,IPHONE,GADGET
133,EBAY,ELECTRONICS,PHONE,IPHONE-7,256GB,RED,85400,30,IPHONE,GADGET
134,EBAY,ELECTRONICS,PHONE,IPHONE-7,32GB,GRAY,32500,10,IPHONE,GADGET
135,EBAY,ELECTRONICS,PHONE,IPHONE-7,32GB,BLACK,32500,10,IPHONE,GADGET
136,EBAY,ELECTRONICS,PHONE,IPHONE-8,64GB,GOLD,40500,21,IPHONE,GADGET
137,EBAY,ELECTRONICS,PHONE,IPHONE-8,64GB,SILVER,40500,21,IPHONE,GADGET
138,EBAY,ELECTRONICS,PHONE,IPHONE-8,64GB,BLACK,40500,21,IPHONE,GADGET
139,EBAY,ELECTRONICS,PHONE,IPHONE-8,64GB,WHITE,40500,21,IPHONE,GADGET
140,EBAY,ELECTRONICS,PHONE,IPHONE-8,256GB,BLACK,77500,36,IPHONE,GADGET
141,EBAY,ELECTRONICS,PHONE,IPHONE-8,256GB,WHITE,77500,36,IPHONE,GADGET
142,EBAY,ELECTRONICS,PHONE,IPHONE-8,256GB,GRAY,77500,36,IPHONE,GADGET
143,EBAY,ELECTRONICS,PHONE,IPHONE-X,64GB,BLACK,91900,40,IPHONE,GADGET
144,EBAY,ELECTRONICS,PHONE,IPHONE-X,64GB,GRAY,91900,40,IPHONE,GADGET
145,EBAY,ELECTRONICS,PHONE,IPHONE-X,64GB,ROSE GOLD,91900,40,IPHONE,GADGET
146,EBAY,ELECTRONICS,PHONE,IPHONE-X,256GB,BLACK,106500,20,IPHONE,GADGET
147,EBAY,ELECTRONICS,PHONE,IPHONE-X,256GB,GRAY,106500,20,IPHONE,GADGET
148,EBAY,ELECTRONICS,PHONE,IPHONE-X,512GB,WHITE,103900,20,IPHONE,GADGET
149,EBAY,ELECTRONICS,PHONE,IPHONE-X,512GB,BLACK,103900,20,IPHONE,GADGET
150,EBAY,ELECTRONICS,PHONE,IPHONE-X,512GB,GRAY,103900,20,IPHONE,GADGET
151,EBAY,ELECTRONICS,PHONE,IPHONE-12,128GB,WHITE,51250,7,IPHONE,GADGET
152,EBAY,ELECTRONICS,PHONE,IPHONE-12,128GB,BLACK,51250,7,IPHONE,GADGET
153,EBAY,ELECTRONICS,PHONE,IPHONE-12,128GB,GOLD,51250,7,IPHONE,GADGET
154,EBAY,ELECTRONICS,PHONE,IPHONE-12,128GB,RED,51250,7,IPHONE,GADGET
155,EBAY,ELECTRONICS,PHONE,IPHONE-12,256GB,WHITE,66000,8,IPHONE,GADGET
156,EBAY,ELECTRONICS,PHONE,IPHONE-12,256GB,BLACK,66000,8,IPHONE,GADGET
157,EBAY,ELECTRONICS,PHONE,IPHONE-12,256GB,GOLD,66000,8,IPHONE,GADGET
158,EBAY,ELECTRONICS,PHONE,IPHONE-12,256GB,RED,66000,8,IPHONE,GADGET
159,EBAY,ELECTRONICS,PHONE,IPHONE-15,128GB,WHITE,64400,10,IPHONE,GADGET
160,EBAY,ELECTRONICS,PHONE,IPHONE-15,128GB,BLACK,64400,10,IPHONE,GADGET
161,EBAY,ELECTRONICS,PHONE,IPHONE-15,128GB,GOLD,64400,10,IPHONE,GADGET
162,EBAY,ELECTRONICS,PHONE,IPHONE-15,128GB,RED,64400,10,IPHONE,GADGET
163,EBAY,ELECTRONICS,PHONE,IPHONE-15,256GB,WHITE,74400,8,IPHONE,GADGET
164,EBAY,ELECTRONICS,PHONE,IPHONE-15,256GB,BLACK,74400,8,IPHONE,GADGET
165,EBAY,ELECTRONICS,PHONE,IPHONE-15,256GB,GOLD,74400,8,IPHONE,GADGET
166,EBAY,ELECTRONICS,PHONE,IPHONE-15,256GB,RED,74400,8,IPHONE,GADGET
167,EBAY,ELECTRONICS,PHONE,SAMSUNG GALEXY F06,4GB/128GB,GOLD,10000,30,SAMSUNG,GADGET
168,EBAY,ELECTRONICS,PHONE,SAMSUNG GALEXY F16,4GB/128GB,GOLD,16500,30,SAMSUNG,GADGET
169,EBAY,ELECTRONICS,PHONE,SAMSUNG GALEXY M35,4GB/128GB,GOLD,17800,23,SAMSUNG,GADGET
170,EBAY,ELECTRONICS,PHONE,SAMSUNG GALEXY M36,4GB/128GB,GOLD,14800,28,SAMSUNG,GADGET
171,EBAY,ELECTRONICS,PHONE,SAMSUNG GALEXY M37,4GB/128GB,GOLD,17500,25,SAMSUNG,GADGET
172,EBAY,ELECTRONICS,PHONE,SAMSUNG GALEXY M38,4GB/128GB,GOLD,16500,23,SAMSUNG,GADGET
173,EBAY,ELECTRONICS,PHONE,SAMSUNG GALEXY M39,4GB/128GB,GOLD,15999,25,SAMSUNG,GADGET
174,EBAY,ELECTRONICS,PHONE,SAMSUNG GALEXY A33,4GB/128GB,GOLD,19530,28,SAMSUNG,GADGET
175,EBAY,ELECTRONICS,PHONE,SAMSUNG GALEXY F20,4GB/128GB,GOLD,28600,24,SAMSUNG,GADGET
176,EBAY,ELECTRONICS,PHONE,SAMSUNG GALEXY P45,4GB/128GB,GOLD,48000,30,SAMSUNG,GADGET
177,EBAY,ELECTRONICS,PHONE,READMI A3X,64 GB,BLACK,6800,40,READMI,GADGET
178,EBAY,ELECTRONICS,PHONE,READMI 14C,64GB,BLACK,15000,22,READMI,GADGET
179,EBAY,ELECTRONICS,PHONE,READMI 1OS,64GB,BLACK,8250,37,READMI,GADGET
180,FLIPKART,ELECRTONICS,LAPTOP,APPLE MACKBOOK AIR M2,N/A,BLACK,72990,12,APPLE,GADGETS
181,FLIPKART,ELECRTONICS,LAPTOP,APPLE MACKBOOK AIR M3,N/A,GOLD,72990,12,APPLE,GADGETS
182,FLIPKART,ELECRTONICS,LAPTOP,APPLE MACKBOOK AIR M4,N/A,SILVER,72990,12,APPLE,GADGETS
183,FLIPKART,ELECRTONICS,LAPTOP,APPLE MACKBOOK AIR M1,N/A,BLACK,66990,20,APPLE,GADGETS
184,FLIPKART,ELECRTONICS,LAPTOP,APPLE MACKBOOK AIR M2,N/A,GOLD,66990,20,APPLE,GADGETS
185,FLIPKART,ELECRTONICS,LAPTOP,APPLE MACKBOOK AIR M3,N/A,SILVER,66990,20,APPLE,GADGETS
186,FLIPKART,ELECRTONICS,LAPTOP,APPLE MACKBOOK AIR M3,N/A,BLACK,75500,18,APPLE,GADGETS
187,FLIPKART,ELECRTONICS,LAPTOP,APPLE MACKBOOK AIR M4,N/A,GOLD,75500,18,APPLE,GADGETS
188,FLIPKART,ELECRTONICS,LAPTOP,APPLE MACKBOOK AIR M5,N/A,SILVER,75500,18,APPLE,GADGETS
189,FLIPKART,ELECRTONICS,LAPTOP,APPLE MACKBOOK AIR M4,N/A,BLACK,92990,8,APPLE,GADGETS
190,FLIPKART,ELECRTONICS,LAPTOP,APPLE MACKBOOK AIR M5,N/A,GOLD,92990,8,APPLE,GADGETS
191,FLIPKART,ELECRTONICS,LAPTOP,APPLE MACKBOOK AIR M6,N/A,SILVER,92990,8,APPLE,GADGETS
192,FLIPKART,ELECRTONICS,LAPTOP,APPLE MACKBOOK PRO,N/A,BLACK,99500,10,APPLE,GADGETS
193,FLIPKART,ELECRTONICS,LAPTOP,APPLE MACKBOOK PRO,N/A,GOLD,99500,10,APPLE,GADGETS
194,FLIPKART,ELECRTONICS,LAPTOP,APPLE MACKBOOK PRO,N/A,SILVER,99500,10,APPLE,GADGETS
195,FLIPKART,ELECRTONICS,LAPTOP,APPLE MACKBOOK PRO M3,N/A,BLACK,105000,7,APPLE,GADGETS
196,FLIPKART,ELECRTONICS,LAPTOP,APPLE MACKBOOK PRO M4,N/A,GOLD,105000,7,APPLE,GADGETS
197,FLIPKART,ELECRTONICS,LAPTOP,APPLE MACKBOOK PRO M5,N/A,SILVER,105000,7,APPLE,GADGETS
198,FLIPKART,ELECRTONICS,LAPTOP,APPLE MACKBOOK PRO M3 MAX,N/A,BLACK,262500,20,APPLE,GADGETS
199,FLIPKART,ELECRTONICS,LAPTOP,APPLE MACKBOOK PRO M3 MAX,N/A,GOLD,262500,20,APPLE,GADGETS
200,FLIPKART,ELECRTONICS,LAPTOP,APPLE MACKBOOK PRO M3 MAX,N/A,SILVER,262500,20,APPLE,GADGETS
201,FLIPKART,ELECRTONICS,LAPTOP,APPLE MACKBOOK PRO M4,N/A,BLACK,186500,5,APPLE,GADGETS
202,FLIPKART,ELECRTONICS,LAPTOP,APPLE MACKBOOK PRO M5,N/A,GOLD,186500,5,APPLE,GADGETS
203,FLIPKART,ELECRTONICS,LAPTOP,APPLE MACKBOOK PRO M6,N/A,SILVER,186500,5,APPLE,GADGETS
204,FLIPKART,ELECTRONICS,TV,HP VIVTUS,N/A,BLACK,64990,16,HP,GADGETS
205,FLIPKART,ELECTRONICS,TV,HP VIVTUS,N/A,WHITE,64990,16,HP,GADGETS
206,FLIPKART,ELECTRONICS,TV,HP THINPAD,N/A,BLACK,38390,27,HP,GADGETS
207,FLIPKART,ELECTRONICS,TV,HP THINPAD,N/A,WHITE,38390,27,HP,GADGETS
208,FLIPKART,ELECTRONICS,TV,HP 15R,N/A,BLACK,32990,56,HP,GADGETS
209,FLIPKART,ELECTRONICS,TV,HP 15R,N/A,WHITE,32990,56,HP,GADGETS
210,FLIPKART,ELECTRONICS,TV,HP 15S,N/A,BLACK,30750,32,HP,GADGETS
211,FLIPKART,ELECTRONICS,TV,HP 15S,N/A,WHITE,30750,32,HP,GADGETS
212,FLIPKART,ELECTRONICS,TV,HP 15S,N/A,GRAY,30750,32,HP,GADGETS
213,FLIPKART,ELECTRONICS,TV,HP VICTUS,N/A,BLACK,107990,13,HP,GADGETS
214,FLIPKART,ELECTRONICS,TV,HP 225,N/A,GRAY,26900,15,HP,GADGETS
215,FLIPKART,ELECTRONICS,TV,HP 15T,N/A,BLACK,30999,32,HP,GADGETS
216,FLIPKART,ELECTRONICS,TV,HP 15T,N/A,WHITE,30999,32,HP,GADGETS
217,FLIPKART,ELECTRONICS,TV,HP OMEN,N/A,BLACK,97500,20,HP,GADGETS
218,FLIPKART,ELECTRONICS,TV,HP OMEN S,N/A,BLACK,125000,15,HP,GADGETS
219,FLIPKART,ELECTRONICS,TV,HP THINKPAD,N/A,BALCK,85600,17,HP,GADGETS
220,FLIPKART,ELECTRONICS,TV,HP PAVELLOPN,N/A,BLACK,92500,20,HP,GADGETS
221,FLIPKART,ELECTRONICS,TV,HP PAVELLOPN,N/A,WHITE,92500,20,HP,GADGETS
222,FLIPKART,ELECTRONICS,TV,HP 360,N/A,BLACK,72500,25,HP,GADGETS
223,FLIPKART,ELECTRONICS,TV,DELL 15 ,N/A,BLACK,33900,29,DELL,GADGETS
224,FLIPKART,ELECTRONICS,TV,DELL 16,N/A,WHITE,33900,29,DELL,GADGETS
225,FLIPKART,ELECTRONICS,TV,DELL 17,N/A,GRAY,33900,29,DELL,GADGETS
226,FLIPKART,ELECTRONICS,TV,DELL WYSE ,N/A,BLACK,21500,57,DELL,GADGETS
227,FLIPKART,ELECTRONICS,TV,DELL WYSE ,N/A,GRAY,21500,57,DELL,GADGETS
228,FLIPKART,ELECTRONICS,TV,DELL WYSE A,N/A,BLACK,32500,50,DELL,GADGETS
229,FLIPKART,ELECTRONICS,TV,DELL WYSE A,N/A,WHITE,32500,50,DELL,GADGETS
230,FLIPKART,ELECTRONICS,TV,DELL WYSE A,N/A,GRAY,32500,50,DELL,GADGETS
231,FLIPKART,ELECTRONICS,TV,DELL INSPIRION,N/A,BLACK,42500,40,DELL,GADGETS
232,FLIPKART,ELECTRONICS,TV,DELL INSPIRION,N/A,WHITE,42500,40,DELL,GADGETS
233,FLIPKART,ELECTRONICS,TV,DELL INSPERION S,N/A,BLACK,57800,32,DELL,GADGETS
234,FLIPKART,ELECTRONICS,TV,DELL INSPERION S,N/A,WHITE,57800,32,DELL,GADGETS
235,FLIPKART,ELECTRONICS,TV,DELL INSPERION S,N/A,GRAY,57800,32,DELL,GADGETS
236,FLIPKART,ELECTRONICS,TV,DELL I67,N/A,BLACK,42800,30,DELL,GADGETS
237,FLIPKART,ELECTRONICS,TV,DELL I68,N/A,WHITE,42800,30,DELL,GADGETS
238,FLIPKART,ELECTRONICS,TV,DELL LATITUDE,N/A,BLACK,33800,52,DELL,GADGETS
239,FLIPKART,ELECTRONICS,TV,DELL LATITUDE,N/A,WHITE,33800,52,DELL,GADGETS
240,FLIPKART,ELECTRONICS,TV,DELL I68,N/A,BLACK,42500,50,DELL,GADGETS
241,FLIPKART,ELECTRONICS,TV,DELL I69,N/A,WHITE,42500,50,DELL,GADGETS
242,FLIPKART,ELECTRONICS,TV,DELL I70,N/A,GRAY,42500,50,DELL,GADGETS
243,AMAZON,ELECRTONICS,LAPTOP,APPLE MACKBOOK AIR M2,N/A,BLACK,70500,10,APPLE,GADGETS
244,AMAZON,ELECRTONICS,LAPTOP,APPLE MACKBOOK AIR M3,N/A,GOLD,70500,10,APPLE,GADGETS
245,AMAZON,ELECRTONICS,LAPTOP,APPLE MACKBOOK AIR M4,N/A,SILVER,70500,10,APPLE,GADGETS
246,AMAZON,ELECRTONICS,LAPTOP,APPLE MACKBOOK AIR M1,N/A,BLACK,65800,21,APPLE,GADGETS
247,AMAZON,ELECRTONICS,LAPTOP,APPLE MACKBOOK AIR M2,N/A,GOLD,65800,21,APPLE,GADGETS
248,AMAZON,ELECRTONICS,LAPTOP,APPLE MACKBOOK AIR M3,N/A,SILVER,65800,21,APPLE,GADGETS
249,AMAZON,ELECRTONICS,LAPTOP,APPLE MACKBOOK AIR M3,N/A,BLACK,73800,20,APPLE,GADGETS
250,AMAZON,ELECRTONICS,LAPTOP,APPLE MACKBOOK AIR M4,N/A,GOLD,73800,20,APPLE,GADGETS
251,AMAZON,ELECRTONICS,LAPTOP,APPLE MACKBOOK AIR M5,N/A,SILVER,73800,20,APPLE,GADGETS
252,AMAZON,ELECRTONICS,LAPTOP,APPLE MACKBOOK AIR M4,N/A,BLACK,92990,8,APPLE,GADGETS
253,AMAZON,ELECRTONICS,LAPTOP,APPLE MACKBOOK AIR M5,N/A,GOLD,92990,8,APPLE,GADGETS
254,AMAZON,ELECRTONICS,LAPTOP,APPLE MACKBOOK AIR M6,N/A,SILVER,92990,8,APPLE,GADGETS
255,AMAZON,ELECRTONICS,LAPTOP,APPLE MACKBOOK PRO,N/A,BLACK,95000,12,APPLE,GADGETS
256,AMAZON,ELECRTONICS,LAPTOP,APPLE MACKBOOK PRO,N/A,GOLD,95000,12,APPLE,GADGETS
257,AMAZON,ELECRTONICS,LAPTOP,APPLE MACKBOOK PRO,N/A,SILVER,95000,12,APPLE,GADGETS
258,AMAZON,ELECRTONICS,LAPTOP,APPLE MACKBOOK PRO M3,N/A,BLACK,105000,7,APPLE,GADGETS
259,AMAZON,ELECRTONICS,LAPTOP,APPLE MACKBOOK PRO M4,N/A,GOLD,105000,7,APPLE,GADGETS
260,AMAZON,ELECRTONICS,LAPTOP,APPLE MACKBOOK PRO M5,N/A,SILVER,105000,7,APPLE,GADGETS
261,AMAZON,ELECRTONICS,LAPTOP,APPLE MACKBOOK PRO M3 MAX,N/A,BLACK,262500,20,APPLE,GADGETS
262,AMAZON,ELECRTONICS,LAPTOP,APPLE MACKBOOK PRO M3 MAX,N/A,GOLD,262500,20,APPLE,GADGETS
263,AMAZON,ELECRTONICS,LAPTOP,APPLE MACKBOOK PRO M3 MAX,N/A,SILVER,262500,20,APPLE,GADGETS
264,AMAZON,ELECRTONICS,LAPTOP,APPLE MACKBOOK PRO M4,N/A,BLACK,165000,7,APPLE,GADGETS
265,AMAZON,ELECRTONICS,LAPTOP,APPLE MACKBOOK PRO M5,N/A,GOLD,165000,7,APPLE,GADGETS
266,AMAZON,ELECRTONICS,LAPTOP,APPLE MACKBOOK PRO M6,N/A,SILVER,165000,7,APPLE,GADGETS
267,AMAZON,ELECTRONICS,TV,HP VIVTUS,N/A,BLACK,65800,16,HP,GADGETS
268,AMAZON,ELECTRONICS,TV,HP VIVTUS,N/A,WHITE,65800,16,HP,GADGETS
269,AMAZON,ELECTRONICS,TV,HP THINPAD,N/A,BLACK,39000,25,HP,GADGETS
270,AMAZON,ELECTRONICS,TV,HP THINPAD,N/A,WHITE,39000,25,HP,GADGETS
271,AMAZON,ELECTRONICS,TV,HP 15R,N/A,BLACK,33300,53,HP,GADGETS
272,AMAZON,ELECTRONICS,TV,HP 15R,N/A,WHITE,33300,53,HP,GADGETS
273,AMAZON,ELECTRONICS,TV,HP 15S,N/A,BLACK,30750,32,HP,GADGETS
274,AMAZON,ELECTRONICS,TV,HP 15S,N/A,WHITE,30750,32,HP,GADGETS
275,AMAZON,ELECTRONICS,TV,HP 15S,N/A,GRAY,30750,32,HP,GADGETS
276,AMAZON,ELECTRONICS,TV,HP VICTUS,N/A,BLACK,107990,13,HP,GADGETS
277,AMAZON,ELECTRONICS,TV,HP 225,N/A,GRAY,26900,15,HP,GADGETS
278,AMAZON,ELECTRONICS,TV,HP 15T,N/A,BLACK,32000,35,HP,GADGETS
279,AMAZON,ELECTRONICS,TV,HP 15T,N/A,WHITE,32000,35,HP,GADGETS
280,AMAZON,ELECTRONICS,TV,HP OMEN,N/A,BLACK,97500,20,HP,GADGETS
281,AMAZON,ELECTRONICS,TV,HP OMEN S,N/A,BLACK,125000,15,HP,GADGETS
282,AMAZON,ELECTRONICS,TV,HP THINKPAD,N/A,BALCK,85600,17,HP,GADGETS
283,AMAZON,ELECTRONICS,TV,HP PAVELLOPN,N/A,BLACK,94000,20,HP,GADGETS
284,AMAZON,ELECTRONICS,TV,HP PAVELLOPN,N/A,WHITE,94000,20,HP,GADGETS
285,AMAZON,ELECTRONICS,TV,HP 360,N/A,BLACK,72500,25,HP,GADGETS
286,AMAZON,ELECTRONICS,TV,DELL 15 ,N/A,BLACK,32400,32,DELL,GADGETS
287,AMAZON,ELECTRONICS,TV,DELL 16,N/A,WHITE,32400,32,DELL,GADGETS
288,AMAZON,ELECTRONICS,TV,DELL 17,N/A,GRAY,32400,32,DELL,GADGETS
289,AMAZON,ELECTRONICS,TV,DELL WYSE ,N/A,BLACK,21500,57,DELL,GADGETS
290,AMAZON,ELECTRONICS,TV,DELL WYSE ,N/A,GRAY,21500,57,DELL,GADGETS
291,AMAZON,ELECTRONICS,TV,DELL WYSE A,N/A,BLACK,31700,55,DELL,GADGETS
292,AMAZON,ELECTRONICS,TV,DELL WYSE A,N/A,WHITE,31700,55,DELL,GADGETS
293,AMAZON,ELECTRONICS,TV,DELL WYSE A,N/A,GRAY,31700,55,DELL,GADGETS
294,AMAZON,ELECTRONICS,TV,DELL INSPIRION,N/A,BLACK,42500,40,DELL,GADGETS
295,AMAZON,ELECTRONICS,TV,DELL INSPIRION,N/A,WHITE,42500,40,DELL,GADGETS
296,AMAZON,ELECTRONICS,TV,DELL INSPERION S,N/A,BLACK,55600,35,DELL,GADGETS
297,AMAZON,ELECTRONICS,TV,DELL INSPERION S,N/A,WHITE,55600,35,DELL,GADGETS
298,AMAZON,ELECTRONICS,TV,DELL INSPERION S,N/A,GRAY,55600,35,DELL,GADGETS
299,AMAZON,ELECTRONICS,TV,DELL I67,N/A,BLACK,42800,30,DELL,GADGETS
300,AMAZON,ELECTRONICS,TV,DELL I68,N/A,WHITE,42800,30,DELL,GADGETS
301,AMAZON,ELECTRONICS,TV,DELL LATITUDE,N/A,BLACK,33800,52,DELL,GADGETS
302,AMAZON,ELECTRONICS,TV,DELL LATITUDE,N/A,WHITE,33800,52,DELL,GADGETS
303,AMAZON,ELECTRONICS,TV,DELL I68,N/A,BLACK,40000,50,DELL,GADGETS
304,AMAZON,ELECTRONICS,TV,DELL I69,N/A,WHITE,40000,50,DELL,GADGETS
305,AMAZON,ELECTRONICS,TV,DELL I70,N/A,GRAY,40000,50,DELL,GADGETS
306,EBAY,ELECRTONICS,LAPTOP,APPLE MACKBOOK AIR M2,N/A,BLACK,74440,12,APPLE,GADGETS
307,EBAY,ELECRTONICS,LAPTOP,APPLE MACKBOOK AIR M3,N/A,GOLD,72990,12,APPLE,GADGETS
308,EBAY,ELECRTONICS,LAPTOP,APPLE MACKBOOK AIR M4,N/A,SILVER,72990,12,APPLE,GADGETS
309,EBAY,ELECRTONICS,LAPTOP,APPLE MACKBOOK AIR M1,N/A,BLACK,66990,20,APPLE,GADGETS
310,EBAY,ELECRTONICS,LAPTOP,APPLE MACKBOOK AIR M2,N/A,GOLD,66990,20,APPLE,GADGETS
311,EBAY,ELECRTONICS,LAPTOP,APPLE MACKBOOK AIR M3,N/A,SILVER,66990,20,APPLE,GADGETS
312,EBAY,ELECRTONICS,LAPTOP,APPLE MACKBOOK AIR M3,N/A,BLACK,75500,18,APPLE,GADGETS
313,EBAY,ELECRTONICS,LAPTOP,APPLE MACKBOOK AIR M4,N/A,GOLD,78000,18,APPLE,GADGETS
314,EBAY,ELECRTONICS,LAPTOP,APPLE MACKBOOK AIR M5,N/A,SILVER,75500,18,APPLE,GADGETS
315,EBAY,ELECRTONICS,LAPTOP,APPLE MACKBOOK AIR M4,N/A,BLACK,97500,5,APPLE,GADGETS
316,EBAY,ELECRTONICS,LAPTOP,APPLE MACKBOOK AIR M5,N/A,GOLD,97500,5,APPLE,GADGETS
317,EBAY,ELECRTONICS,LAPTOP,APPLE MACKBOOK AIR M6,N/A,SILVER,97500,5,APPLE,GADGETS
318,EBAY,ELECRTONICS,LAPTOP,APPLE MACKBOOK PRO,N/A,BLACK,99500,10,APPLE,GADGETS
319,EBAY,ELECRTONICS,LAPTOP,APPLE MACKBOOK PRO,N/A,GOLD,99500,10,APPLE,GADGETS
320,EBAY,ELECRTONICS,LAPTOP,APPLE MACKBOOK PRO,N/A,SILVER,99500,10,APPLE,GADGETS
321,EBAY,ELECRTONICS,LAPTOP,APPLE MACKBOOK PRO M3,N/A,BLACK,105000,7,APPLE,GADGETS
322,EBAY,ELECRTONICS,LAPTOP,APPLE MACKBOOK PRO M4,N/A,GOLD,105000,7,APPLE,GADGETS
323,EBAY,ELECRTONICS,LAPTOP,APPLE MACKBOOK PRO M5,N/A,SILVER,105000,7,APPLE,GADGETS
324,EBAY,ELECRTONICS,LAPTOP,APPLE MACKBOOK PRO M3 MAX,N/A,BLACK,262500,20,APPLE,GADGETS
325,EBAY,ELECRTONICS,LAPTOP,APPLE MACKBOOK PRO M3 MAX,N/A,GOLD,262500,20,APPLE,GADGETS
326,EBAY,ELECRTONICS,LAPTOP,APPLE MACKBOOK PRO M3 MAX,N/A,SILVER,262500,20,APPLE,GADGETS
327,EBAY,ELECRTONICS,LAPTOP,APPLE MACKBOOK PRO M4,N/A,BLACK,186500,5,APPLE,GADGETS
328,EBAY,ELECRTONICS,LAPTOP,APPLE MACKBOOK PRO M5,N/A,GOLD,186500,5,APPLE,GADGETS
329,EBAY,ELECRTONICS,LAPTOP,APPLE MACKBOOK PRO M6,N/A,SILVER,186500,5,APPLE,GADGETS
330,EBAY,ELECTRONICS,TV,HP VIVTUS,N/A,BLACK,67700,16,HP,GADGETS
331,EBAY,ELECTRONICS,TV,HP VIVTUS,N/A,WHITE,67700,16,HP,GADGETS
332,EBAY,ELECTRONICS,TV,HP THINPAD,N/A,BLACK,38390,27,HP,GADGETS
333,EBAY,ELECTRONICS,TV,HP THINPAD,N/A,WHITE,38390,27,HP,GADGETS
334,EBAY,ELECTRONICS,TV,HP 15R,N/A,BLACK,32990,56,HP,GADGETS
335,EBAY,ELECTRONICS,TV,HP 15R,N/A,WHITE,32990,56,HP,GADGETS
336,EBAY,ELECTRONICS,TV,HP 15S,N/A,BLACK,32500,30,HP,GADGETS
337,EBAY,ELECTRONICS,TV,HP 15S,N/A,WHITE,32500,30,HP,GADGETS
338,EBAY,ELECTRONICS,TV,HP 15S,N/A,GRAY,32500,30,HP,GADGETS
339,EBAY,ELECTRONICS,TV,HP VICTUS,N/A,BLACK,107990,13,HP,GADGETS
340,EBAY,ELECTRONICS,TV,HP 225,N/A,GRAY,26900,15,HP,GADGETS
341,EBAY,ELECTRONICS,TV,HP 15T,N/A,BLACK,30999,32,HP,GADGETS
342,EBAY,ELECTRONICS,TV,HP 15T,N/A,WHITE,30999,32,HP,GADGETS
343,EBAY,ELECTRONICS,TV,HP OMEN,N/A,BLACK,97500,20,HP,GADGETS
344,EBAY,ELECTRONICS,TV,HP OMEN S,N/A,BLACK,125000,15,HP,GADGETS
345,EBAY,ELECTRONICS,TV,HP THINKPAD,N/A,BALCK,85600,17,HP,GADGETS
346,EBAY,ELECTRONICS,TV,HP PAVELLOPN,N/A,BLACK,92500,20,HP,GADGETS
347,EBAY,ELECTRONICS,TV,HP PAVELLOPN,N/A,WHITE,92500,20,HP,GADGETS
348,EBAY,ELECTRONICS,TV,HP 360,N/A,BLACK,72500,25,HP,GADGETS
349,EBAY,ELECTRONICS,TV,DELL 15 ,N/A,BLACK,35000,29,DELL,GADGETS
350,EBAY,ELECTRONICS,TV,DELL 16,N/A,WHITE,35000,29,DELL,GADGETS
351,EBAY,ELECTRONICS,TV,DELL 17,N/A,GRAY,35000,29,DELL,GADGETS
352,EBAY,ELECTRONICS,TV,DELL WYSE ,N/A,BLACK,21500,57,DELL,GADGETS
353,EBAY,ELECTRONICS,TV,DELL WYSE ,N/A,GRAY,21500,57,DELL,GADGETS
354,EBAY,ELECTRONICS,TV,DELL WYSE A,N/A,BLACK,32500,50,DELL,GADGETS
355,EBAY,ELECTRONICS,TV,DELL WYSE A,N/A,WHITE,32500,50,DELL,GADGETS
356,EBAY,ELECTRONICS,TV,DELL WYSE A,N/A,GRAY,32500,50,DELL,GADGETS
357,EBAY,ELECTRONICS,TV,DELL INSPIRION,N/A,BLACK,42500,40,DELL,GADGETS
358,EBAY,ELECTRONICS,TV,DELL INSPIRION,N/A,WHITE,42500,40,DELL,GADGETS
359,EBAY,ELECTRONICS,TV,DELL INSPERION S,N/A,BLACK,57800,32,DELL,GADGETS
360,EBAY,ELECTRONICS,TV,DELL INSPERION S,N/A,WHITE,57800,32,DELL,GADGETS
361,EBAY,ELECTRONICS,TV,DELL INSPERION S,N/A,GRAY,57800,32,DELL,GADGETS
362,EBAY,ELECTRONICS,TV,DELL I67,N/A,BLACK,42800,30,DELL,GADGETS
363,EBAY,ELECTRONICS,TV,DELL I68,N/A,WHITE,42800,30,DELL,GADGETS
364,EBAY,ELECTRONICS,TV,DELL LATITUDE,N/A,BLACK,33800,52,DELL,GADGETS
365,EBAY,ELECTRONICS,TV,DELL LATITUDE,N/A,WHITE,33800,52,DELL,GADGETS
366,EBAY,ELECTRONICS,TV,DELL I68,N/A,BLACK,42500,50,DELL,GADGETS
367,EBAY,ELECTRONICS,TV,DELL I69,N/A,WHITE,42500,50,DELL,GADGETS
368,EBAY,ELECTRONICS,TV,DELL I70,N/A,GRAY,42500,50,DELL,GADGETS
369,FLIPKART,ELECTRONICS,TV,LG LR57,80CM,BLACK,14990,31,LG,HOME APPLIENCES
370,FLIPKART,ELECTRONICS,TV,LG LR58,80CM,BLACK,15200,31,LG,HOME APPLIENCES
371,FLIPKART,ELECTRONICS,TV,LG LR59,80CM,BLACK,15450,31,LG,HOME APPLIENCES
372,FLIPKART,ELECTRONICS,TV,LG LR60,80CM,BLACK,15673,31,LG,HOME APPLIENCES
373,FLIPKART,ELECTRONICS,TV,LG LR61,80CM,BLACK,15903,31,LG,HOME APPLIENCES
374,FLIPKART,ELECTRONICS,TV,LG LR62,80CM,BLACK,16133,31,LG,HOME APPLIENCES
375,FLIPKART,ELECTRONICS,TV,LG LR63,80CM,BLACK,16363,31,LG,HOME APPLIENCES
376,FLIPKART,ELECTRONICS,TV,LG LR64,80CM,BLACK,16593,31,LG,HOME APPLIENCES
377,FLIPKART,ELECTRONICS,TV,LG LR65,80CM,BLACK,16823,31,LG,HOME APPLIENCES
378,FLIPKART,ELECTRONICS,TV,LG UR75,108CM,BLACK,31990,36,LG,HOME APPLIENCES
379,FLIPKART,ELECTRONICS,TV,LG UR76,108CM,BLACK,32250,36,LG,HOME APPLIENCES
380,FLIPKART,ELECTRONICS,TV,LG UR77,108CM,BLACK,33600,36,LG,HOME APPLIENCES
381,FLIPKART,ELECTRONICS,TV,LG UR78,108CM,BLACK,34223,36,LG,HOME APPLIENCES
382,FLIPKART,ELECTRONICS,TV,LG UR79,108CM,BLACK,35028,36,LG,HOME APPLIENCES
383,FLIPKART,ELECTRONICS,TV,LG UR80,108CM,BLACK,35833,36,LG,HOME APPLIENCES
384,FLIPKART,ELECTRONICS,TV,LG UR81,108CM,BLACK,36638,36,LG,HOME APPLIENCES
385,FLIPKART,ELECTRONICS,TV,LG UR82,108CM,BLACK,37443,36,LG,HOME APPLIENCES
386,FLIPKART,ELECTRONICS,TV,LG UR83,108CM,BLACK,38248,36,LG,HOME APPLIENCES
387,FLIPKART,ELECTRONICS,TV,LG 32LMBPTC,80CM,BLACK,13500,45,LG,HOME APPLIENCES
388,FLIPKART,ELECTRONICS,TV,LG 32LMBPTC,80CM,BLACK,13700,45,LG,HOME APPLIENCES
389,FLIPKART,ELECTRONICS,TV,LG 32LMBPTC,80CM,BLACK,13900,45,LG,HOME APPLIENCES
390,FLIPKART,ELECTRONICS,TV,LG 32LMBPTC,80CM,BLACK,14100,45,LG,HOME APPLIENCES
391,FLIPKART,ELECTRONICS,TV,LG 32LMBPTC,80CM,BLACK,14300,45,LG,HOME APPLIENCES
392,FLIPKART,ELECTRONICS,TV,LG UR7500,126CM,BLACK,36999,47,LG,HOME APPLIENCES
393,AMAZON,ELECTRONICS,TV,LG LR57,80CM,BLACK,15222,31,LG,HOME APPLIENCES
394,AMAZON,ELECTRONICS,TV,LG LR58,80CM,BLACK,15480,31,LG,HOME APPLIENCES
395,AMAZON,ELECTRONICS,TV,LG LR59,80CM,BLACK,15738,31,LG,HOME APPLIENCES
396,AMAZON,ELECTRONICS,TV,LG LR60,80CM,BLACK,15996,31,LG,HOME APPLIENCES
397,AMAZON,ELECTRONICS,TV,LG LR61,80CM,BLACK,16254,31,LG,HOME APPLIENCES
398,AMAZON,ELECTRONICS,TV,LG LR62,80CM,BLACK,16512,31,LG,HOME APPLIENCES
399,AMAZON,ELECTRONICS,TV,LG LR63,80CM,BLACK,16770,31,LG,HOME APPLIENCES
400,AMAZON,ELECTRONICS,TV,LG LR64,80CM,BLACK,17028,31,LG,HOME APPLIENCES
401,AMAZON,ELECTRONICS,TV,LG LR65,80CM,BLACK,15800,31,LG,HOME APPLIENCES
402,AMAZON,ELECTRONICS,TV,LG UR75,108CM,BLACK,32500,30,LG,HOME APPLIENCES
403,AMAZON,ELECTRONICS,TV,LG UR76,108CM,BLACK,33250,30,LG,HOME APPLIENCES
404,AMAZON,ELECTRONICS,TV,LG UR77,108CM,BLACK,34000,30,LG,HOME APPLIENCES
405,AMAZON,ELECTRONICS,TV,LG UR78,108CM,BLACK,34750,30,LG,HOME APPLIENCES
406,AMAZON,ELECTRONICS,TV,LG UR79,108CM,BLACK,35500,30,LG,HOME APPLIENCES
407,AMAZON,ELECTRONICS,TV,LG UR80,108CM,BLACK,36250,30,LG,HOME APPLIENCES
408,AMAZON,ELECTRONICS,TV,LG UR81,108CM,BLACK,37000,30,LG,HOME APPLIENCES
409,AMAZON,ELECTRONICS,TV,LG UR82,108CM,BLACK,37750,30,LG,HOME APPLIENCES
410,AMAZON,ELECTRONICS,TV,LG UR83,108CM,BLACK,38500,30,LG,HOME APPLIENCES
411,AMAZON,ELECTRONICS,TV,LG 32LMBPTC,80CM,BLACK,13500,45,LG,HOME APPLIENCES
412,AMAZON,ELECTRONICS,TV,LG 32LMBPTC,80CM,BLACK,13700,45,LG,HOME APPLIENCES
413,AMAZON,ELECTRONICS,TV,LG 32LMBPTC,80CM,BLACK,13900,45,LG,HOME APPLIENCES
414,AMAZON,ELECTRONICS,TV,LG 32LMBPTC,80CM,BLACK,14100,45,LG,HOME APPLIENCES
415,AMAZON,ELECTRONICS,TV,LG 32LMBPTC,80CM,BLACK,14300,45,LG,HOME APPLIENCES
416,AMAZON,ELECTRONICS,TV,LG UR7500,126CM,BLACK,36999,47,LG,HOME APPLIENCES
417,EBAY,ELECTRONICS,TV,LG LR57,80CM,BLACK,15700,27,LG,HOME APPLIENCES
418,EBAY,ELECTRONICS,TV,LG LR58,80CM,BLACK,15950,27,LG,HOME APPLIENCES
419,EBAY,ELECTRONICS,TV,LG LR59,80CM,BLACK,16200,27,LG,HOME APPLIENCES
420,EBAY,ELECTRONICS,TV,LG LR60,80CM,BLACK,16450,27,LG,HOME APPLIENCES
421,EBAY,ELECTRONICS,TV,LG LR61,80CM,BLACK,16700,27,LG,HOME APPLIENCES
422,EBAY,ELECTRONICS,TV,LG LR62,80CM,BLACK,16950,27,LG,HOME APPLIENCES
423,EBAY,ELECTRONICS,TV,LG LR63,80CM,BLACK,17200,27,LG,HOME APPLIENCES
424,EBAY,ELECTRONICS,TV,LG LR64,80CM,BLACK,17450,27,LG,HOME APPLIENCES
425,EBAY,ELECTRONICS,TV,LG LR65,80CM,BLACK,17700,27,LG,HOME APPLIENCES
426,EBAY,ELECTRONICS,TV,LG UR75,108CM,BLACK,31990,36,LG,HOME APPLIENCES
427,EBAY,ELECTRONICS,TV,LG UR76,108CM,BLACK,32250,36,LG,HOME APPLIENCES
428,EBAY,ELECTRONICS,TV,LG UR77,108CM,BLACK,33600,36,LG,HOME APPLIENCES
429,EBAY,ELECTRONICS,TV,LG UR78,108CM,BLACK,34223,36,LG,HOME APPLIENCES
430,EBAY,ELECTRONICS,TV,LG UR79,108CM,BLACK,35028,36,LG,HOME APPLIENCES
431,EBAY,ELECTRONICS,TV,LG UR80,108CM,BLACK,35833,36,LG,HOME APPLIENCES
432,EBAY,ELECTRONICS,TV,LG UR81,108CM,BLACK,36638,36,LG,HOME APPLIENCES
433,EBAY,ELECTRONICS,TV,LG UR82,108CM,BLACK,37443,36,LG,HOME APPLIENCES
434,EBAY,ELECTRONICS,TV,LG UR83,108CM,BLACK,38248,36,LG,HOME APPLIENCES
435,EBAY,ELECTRONICS,TV,LG 32LMBPTC,80CM,BLACK,13500,45,LG,HOME APPLIENCES
436,EBAY,ELECTRONICS,TV,LG 32LMBPTC,80CM,BLACK,13700,45,LG,HOME APPLIENCES
437,EBAY,ELECTRONICS,TV,LG 32LMBPTC,80CM,BLACK,13900,45,LG,HOME APPLIENCES
438,EBAY,ELECTRONICS,TV,LG 32LMBPTC,80CM,BLACK,14100,45,LG,HOME APPLIENCES
439,EBAY,ELECTRONICS,TV,LG 32LMBPTC,80CM,BLACK,14300,45,LG,HOME APPLIENCES
440,EBAY,ELECTRONICS,TV,LG UR7500,126CM,BLACK,36999,47,LG,HOME APPLIENCES
441,FLIPKART,ELECTRONICS,TV,SAMSUNG,80CM,BLACK,14990,20,SAMSUNG,HOME APPLIENCES
442,FLIPKART,ELECTRONICS,TV,SAMSUNG,52CM,BLACK,12500,25,SAMSUNG,HOME APPLIENCES
443,FLIPKART,ELECTRONICS,TV,SAMSUNG,80CM,BLACK,18099,20,SAMSUNG,HOME APPLIENCES
444,FLIPKART,ELECTRONICS,TV,SAMSUNG,108CM,BLACK,31990,31,SAMSUNG,HOME APPLIENCES
445,FLIPKART,ELECTRONICS,TV,SAMSUNG NEW D,108CM,BLACK,30990,30,SAMSUNG,HOME APPLIENCES
446,FLIPKART,ELECTRONICS,TV,SAMSUNG CRYSTAL VISION,108CM,BLACK,29999,45,SAMSUNG,HOME APPLIENCES
447,FLIPKART,ELECTRONICS,TV,SAMSUNG NEW S,108CM,BLACK,43990,40,SAMSUNG,HOME APPLIENCES
448,FLIPKART,ELECTRONICS,TV,SAMSUNG NEW D,80CM,BLACK,26500,25,SAMSUNG,HOME APPLIENCES
449,FLIPKART,ELECTRONICS,TV,SAMSUNG CRYSTAL VISION,80CM,BLACK,22600,30,SAMSUNG,HOME APPLIENCES
450,FLIPKART,ELECTRONICS,TV,SAMSUNG NEW S,80CM,BLACK,27800,35,SAMSUNG,HOME APPLIENCES
451,FLIPKART,ELECTRONICS,TV,SAMSUNG AMOLED A,108CM,BLACK,45800,30,SAMSUNG,HOME APPLIENCES
452,FLIPKART,ELECTRONICS,TV,SAMSUNG AMOLED B,108CM,BLACK,48500,25,SAMSUNG,HOME APPLIENCES
453,FLIPKART,ELECTRONICS,TV,SAMSUNG AMOLED A,80CM,BLACK,25600,20,SAMSUNG,HOME APPLIENCES
454,FLIPKART,ELECTRONICS,TV,SAMSUNG AMOLED B,80CM,BLACK,28600,35,SAMSUNG,HOME APPLIENCES
455,FLIPKART,ELECTRONICS,TV,SAMSUNG ULTRA,108CM,BLACK,34240,25,SAMSUNG,HOME APPLIENCES
456,FLIPKART,ELECTRONICS,TV,SAMSUNG ULTRA PRO,108CM,BLACK,80600,32,SAMSUNG,HOME APPLIENCES
457,FLIPKART,ELECTRONICS,TV,SAMSUNG THE FRAME,138CM,BLACK,89990,24,SAMSUNG,HOME APPLIENCES
458,FLIPKART,ELECTRONICS,TV,SAMSUNG ULTRA QLED,138CM,BLACK,62990,30,SAMSUNG,HOME APPLIENCES
459,AMAZON,ELECTRONICS,TV,SAMSUNG,80CM,BLACK,14200,18,SAMSUNG,HOME APPLIENCES
460,AMAZON,ELECTRONICS,TV,SAMSUNG,52CM,BLACK,12000,22,SAMSUNG,HOME APPLIENCES
461,AMAZON,ELECTRONICS,TV,SAMSUNG,80CM,BLACK,17500,17,SAMSUNG,HOME APPLIENCES
462,AMAZON,ELECTRONICS,TV,SAMSUNG,108CM,BLACK,27500,25,SAMSUNG,HOME APPLIENCES
463,AMAZON,ELECTRONICS,TV,SAMSUNG NEW D,108CM,BLACK,32500,30,SAMSUNG,HOME APPLIENCES
464,AMAZON,ELECTRONICS,TV,SAMSUNG CRYSTAL VISION,108CM,BLACK,29999,45,SAMSUNG,HOME APPLIENCES
465,AMAZON,ELECTRONICS,TV,SAMSUNG NEW S,108CM,BLACK,40500,37,SAMSUNG,HOME APPLIENCES
466,AMAZON,ELECTRONICS,TV,SAMSUNG NEW D,80CM,BLACK,26500,27,SAMSUNG,HOME APPLIENCES
467,AMAZON,ELECTRONICS,TV,SAMSUNG CRYSTAL VISION,80CM,BLACK,25600,30,SAMSUNG,HOME APPLIENCES
468,AMAZON,ELECTRONICS,TV,SAMSUNG NEW S,80CM,BLACK,25600,30,SAMSUNG,HOME APPLIENCES
469,AMAZON,ELECTRONICS,TV,SAMSUNG AMOLED A,108CM,BLACK,47800,25,SAMSUNG,HOME APPLIENCES
470,AMAZON,ELECTRONICS,TV,SAMSUNG AMOLED B,108CM,BLACK,48500,25,SAMSUNG,HOME APPLIENCES
471,AMAZON,ELECTRONICS,TV,SAMSUNG AMOLED A,80CM,BLACK,23600,15,SAMSUNG,HOME APPLIENCES
472,AMAZON,ELECTRONICS,TV,SAMSUNG AMOLED B,80CM,BLACK,28600,35,SAMSUNG,HOME APPLIENCES
473,AMAZON,ELECTRONICS,TV,SAMSUNG ULTRA,108CM,BLACK,34240,25,SAMSUNG,HOME APPLIENCES
474,AMAZON,ELECTRONICS,TV,SAMSUNG ULTRA PRO,108CM,BLACK,80600,32,SAMSUNG,HOME APPLIENCES
475,AMAZON,ELECTRONICS,TV,SAMSUNG THE FRAME,138CM,BLACK,89990,24,SAMSUNG,HOME APPLIENCES
476,AMAZON,ELECTRONICS,TV,SAMSUNG ULTRA QLED,138CM,BLACK,62990,30,SAMSUNG,HOME APPLIENCES
477,FLIPKART,ELECTRONICS,TV,SAMSUNG,80CM,BLACK,16500,15,SAMSUNG,HOME APPLIENCES
478,FLIPKART,ELECTRONICS,TV,SAMSUNG,52CM,BLACK,13600,20,SAMSUNG,HOME APPLIENCES
479,FLIPKART,ELECTRONICS,TV,SAMSUNG,80CM,BLACK,18099,20,SAMSUNG,HOME APPLIENCES
480,FLIPKART,ELECTRONICS,TV,SAMSUNG,108CM,BLACK,35600,31,SAMSUNG,HOME APPLIENCES
481,FLIPKART,ELECTRONICS,TV,SAMSUNG NEW D,108CM,BLACK,30990,30,SAMSUNG,HOME APPLIENCES
482,FLIPKART,ELECTRONICS,TV,SAMSUNG CRYSTAL VISION,108CM,BLACK,32500,40,SAMSUNG,HOME APPLIENCES
483,FLIPKART,ELECTRONICS,TV,SAMSUNG NEW S,108CM,BLACK,45500,35,SAMSUNG,HOME APPLIENCES
484,FLIPKART,ELECTRONICS,TV,SAMSUNG NEW D,80CM,BLACK,26500,25,SAMSUNG,HOME APPLIENCES
485,FLIPKART,ELECTRONICS,TV,SAMSUNG CRYSTAL VISION,80CM,BLACK,23600,27,SAMSUNG,HOME APPLIENCES
486,FLIPKART,ELECTRONICS,TV,SAMSUNG NEW S,80CM,BLACK,27800,35,SAMSUNG,HOME APPLIENCES
487,FLIPKART,ELECTRONICS,TV,SAMSUNG AMOLED A,108CM,BLACK,45800,30,SAMSUNG,HOME APPLIENCES
488,FLIPKART,ELECTRONICS,TV,SAMSUNG AMOLED B,108CM,BLACK,48500,25,SAMSUNG,HOME APPLIENCES
489,FLIPKART,ELECTRONICS,TV,SAMSUNG AMOLED A,80CM,BLACK,28500,25,SAMSUNG,HOME APPLIENCES
490,FLIPKART,ELECTRONICS,TV,SAMSUNG AMOLED B,80CM,BLACK,30250,30,SAMSUNG,HOME APPLIENCES
491,FLIPKART,ELECTRONICS,TV,SAMSUNG ULTRA,108CM,BLACK,36400,25,SAMSUNG,HOME APPLIENCES
492,FLIPKART,ELECTRONICS,TV,SAMSUNG ULTRA PRO,108CM,BLACK,85600,35,SAMSUNG,HOME APPLIENCES
493,FLIPKART,ELECTRONICS,TV,SAMSUNG THE FRAME,138CM,BLACK,92600,25,SAMSUNG,HOME APPLIENCES
494,FLIPKART,ELECTRONICS,TV,SAMSUNG ULTRA QLED,138CM,BLACK,66700,35,SAMSUNG,HOME APPLIENCES
